Search Term,PMID,URL,Title,Authors,Journal,Year
asthma,33673725,https://pubmed.ncbi.nlm.nih.gov/33673725/,Genetics and Epigenetics in,"Ntontsi P, Photiades A, Zervas E, Xanthou G, Samitas K.",Int J Mol Sci. 2021 Feb 27;22(5):2412. doi: 10.3390/ijms22052412.,Int J Mol Sci. 2021 Feb 27
asthma,30955512,https://pubmed.ncbi.nlm.nih.gov/30955512/,,"Wu TD, Brigham EP, McCormack MC.",Med Clin North Am. 2019 May;103(3):435-452. doi: 10.1016/j.mcna.2018.12.004.,Med Clin North Am. 2019 May
asthma,29700091,https://pubmed.ncbi.nlm.nih.gov/29700091/,Diagnosis and treatment of severe,"Jones TL, Neville DM, Chauhan AJ.",Clin Med (Lond). 2018 Apr 1;18(Suppl 2):s36-s40. doi: 10.7861/clinmedicine.18-2-s36.,Clin Med (Lond). 2018 Apr 1
alzheimer,33667416,https://pubmed.ncbi.nlm.nih.gov/33667416/,,"Scheltens P, De Strooper B, Kivipelto M, Holstege H, Chételat G, Teunissen CE, Cummings J, van der Flier WM.",Lancet. 2021 Apr 24;397(10284):1577-1590. doi: 10.1016/S0140-6736(20)32205-4. Epub 2021 Mar 2.,Lancet. 2021 Apr 24
alzheimer,33609479,https://pubmed.ncbi.nlm.nih.gov/33609479/,New insights into atypical,"Graff-Radford J, Yong KXX, Apostolova LG, Bouwman FH, Carrillo M, Dickerson BC, Rabinovici GD, Schott JM, Jones DT, Murray ME.",Lancet Neurol. 2021 Mar;20(3):222-234. doi: 10.1016/S1474-4422(20)30440-3.,Lancet Neurol. 2021 Mar
alzheimer,32484110,https://pubmed.ncbi.nlm.nih.gov/32484110/,"Recent Advancements in Pathogenesis, Diagnostics and Treatment of","Khan S, Barve KH, Kumar MS.",Curr Neuropharmacol. 2020;18(11):1106-1125. doi: 10.2174/1570159X18666200528142429.,Curr Neuropharmacol. 2020
alzheimer,37047492,https://pubmed.ncbi.nlm.nih.gov/37047492/,Inflammatory Processes in,"Twarowski B, Herbet M.",Int J Mol Sci. 2023 Mar 30;24(7):6518. doi: 10.3390/ijms24076518.,Int J Mol Sci. 2023 Mar 30
alzheimer,29198280,https://pubmed.ncbi.nlm.nih.gov/29198280/,,"Bondi MW, Edmonds EC, Salmon DP.",J Int Neuropsychol Soc. 2017 Oct;23(9-10):818-831. doi: 10.1017/S135561771700100X.,J Int Neuropsychol Soc. 2017 Oct
alzheimer,30135715,https://pubmed.ncbi.nlm.nih.gov/30135715/,Current understanding of,"Weller J, Budson A.",F1000Res. 2018 Jul 31;7:F1000 Faculty Rev-1161. doi: 10.12688/f1000research.14506.1. eCollection 2018.,F1000Res. 2018 Jul 31
alzheimer,36613544,https://pubmed.ncbi.nlm.nih.gov/36613544/,Pathogenesis of,Rostagno AA.,Int J Mol Sci. 2022 Dec 21;24(1):107. doi: 10.3390/ijms24010107.,Int J Mol Sci. 2022 Dec 21
alzheimer,28164766,https://pubmed.ncbi.nlm.nih.gov/28164766/,Biomarkers for,"Mantzavinos V, Alexiou A.",Curr Alzheimer Res. 2017;14(11):1149-1154. doi: 10.2174/1567205014666170203125942.,Curr Alzheimer Res. 2017
cardiovascular disease,37846107,https://pubmed.ncbi.nlm.nih.gov/37846107/,New Biomarkers for,"Kim SJ, Mesquita FCP, Hochman-Mendez C.",Tex Heart Inst J. 2023 Oct 16;50(5):e238178. doi: 10.14503/THIJ-23-8178.,Tex Heart Inst J. 2023 Oct 16
cardiovascular disease,32243826,https://pubmed.ncbi.nlm.nih.gov/32243826/,HIV and,"So-Armah K, Benjamin LA, Bloomfield GS, Feinstein MJ, Hsue P, Njuguna B, Freiberg MS.",Lancet HIV. 2020 Apr;7(4):e279-e293. doi: 10.1016/S2352-3018(20)30036-9.,Lancet HIV. 2020 Apr
cardiovascular disease,29744009,https://pubmed.ncbi.nlm.nih.gov/29744009/,,Kurrelmeyer K.,Methodist Debakey Cardiovasc J. 2017 Oct-Dec;13(4):183-184. doi: 10.14797/mdcj-13-4-183.,Methodist Debakey Cardiovasc J. 2017 Oct-Dec
cardiovascular disease,29725935,https://pubmed.ncbi.nlm.nih.gov/29725935/,Gut microbiota derived metabolites in,"Wang Z, Zhao Y.",Protein Cell. 2018 May;9(5):416-431. doi: 10.1007/s13238-018-0549-0. Epub 2018 May 3.,Protein Cell. 2018 May
cardiovascular disease,30150419,https://pubmed.ncbi.nlm.nih.gov/30150419/,Vitamin D in,"Nitsa A, Toutouza M, Machairas N, Mariolis A, Philippou A, Koutsilieris M.",In Vivo. 2018 Sep-Oct;32(5):977-981. doi: 10.21873/invivo.11338.,In Vivo. 2018 Sep-Oct
parkinson,38006313,https://pubmed.ncbi.nlm.nih.gov/38006313/,Nigrostriatal tau pathology in,"Chu Y, Hirst WD, Federoff HJ, Harms AS, Stoessl AJ, Kordower JH.",Brain. 2024 Feb 1;147(2):444-457. doi: 10.1093/brain/awad388.,Brain. 2024 Feb 1
parkinson,25611507,https://pubmed.ncbi.nlm.nih.gov/25611507/,"The roles of PINK1, parkin, and mitochondrial fidelity in","Pickrell AM, Youle RJ.",Neuron. 2015 Jan 21;85(2):257-73. doi: 10.1016/j.neuron.2014.12.007.,Neuron. 2015 Jan 21
parkinson,30149463,https://pubmed.ncbi.nlm.nih.gov/30149463/,,"Darweesh SKL, Raphael KG, Brundin P, Matthews H, Wyse RK, Chen H, Bloem BR.",J Parkinsons Dis. 2018;8(4):495-498. doi: 10.3233/JPD-181374.,J Parkinsons Dis. 2018
parkinson,33237660,https://pubmed.ncbi.nlm.nih.gov/33237660/,Dopamine transporter SPECT imaging in,"Akdemir ÜÖ, Bora Tokçaer A, Atay LÖ.",Turk J Med Sci. 2021 Apr 30;51(2):400-410. doi: 10.3906/sag-2008-253.,Turk J Med Sci. 2021 Apr 30
parkinson,28733970,https://pubmed.ncbi.nlm.nih.gov/28733970/,New Genes Causing Hereditary,Puschmann A.,Curr Neurol Neurosci Rep. 2017 Sep;17(9):66. doi: 10.1007/s11910-017-0780-8.,Curr Neurol Neurosci Rep. 2017 Sep
hypertension,24430707,https://pubmed.ncbi.nlm.nih.gov/24430707/,Apparent and true resistant,"Judd E, Calhoun DA.",J Hum Hypertens. 2014 Aug;28(8):463-8. doi: 10.1038/jhh.2013.140. Epub 2014 Jan 16.,J Hum Hypertens. 2014 Aug
hypertension,32092238,https://pubmed.ncbi.nlm.nih.gov/32092238/,Patterns of,"Vallée A, Gabet A, Grave C, Sorbets E, Blacher J, Olié V.",J Clin Hypertens (Greenwich). 2020 Apr;22(4):663-672. doi: 10.1111/jch.13834. Epub 2020 Feb 24.,J Clin Hypertens (Greenwich). 2020 Apr
stroke,36374365,https://pubmed.ncbi.nlm.nih.gov/36374365/,"A Contemporary Review of Epidemiology, Risk Factors, Etiology, and Outcomes of Premature","Potter TBH, Tannous J, Vahidy FS.",Curr Atheroscler Rep. 2022 Dec;24(12):939-948. doi: 10.1007/s11883-022-01067-x. Epub 2022 Nov 14.,Curr Atheroscler Rep. 2022 Dec
stroke,35955498,https://pubmed.ncbi.nlm.nih.gov/35955498/,Utility of Exosomes in Ischemic and Hemorrhagic,"Lee EC, Ha TW, Lee DH, Hong DY, Park SW, Lee JY, Lee MR, Oh JS.",Int J Mol Sci. 2022 Jul 28;23(15):8367. doi: 10.3390/ijms23158367.,Int J Mol Sci. 2022 Jul 28
stroke,26300647,https://pubmed.ncbi.nlm.nih.gov/26300647/,Secondary,"Esenwa C, Gutierrez J.",Vasc Health Risk Manag. 2015 Aug 7;11:437-50. doi: 10.2147/VHRM.S63791. eCollection 2015.,Vasc Health Risk Manag. 2015 Aug 7
diabetes,35771962,https://pubmed.ncbi.nlm.nih.gov/35771962/,Diagnosis and Management of Central,"Tomkins M, Lawless S, Martin-Grace J, Sherlock M, Thompson CJ.",J Clin Endocrinol Metab. 2022 Sep 28;107(10):2701-2715. doi: 10.1210/clinem/dgac381.,J Clin Endocrinol Metab. 2022 Sep 28
diabetes,32383239,https://pubmed.ncbi.nlm.nih.gov/32383239/,,"Clotman K, Twickler MB.",Eur J Clin Invest. 2020 Jul;50(7):e13262. doi: 10.1111/eci.13262. Epub 2020 May 24.,Eur J Clin Invest. 2020 Jul
anxiety,26487812,https://pubmed.ncbi.nlm.nih.gov/26487812/,A history of,Crocq MA.,Dialogues Clin Neurosci. 2015 Sep;17(3):319-25. doi: 10.31887/DCNS.2015.17.3/macrocq.,Dialogues Clin Neurosci. 2015 Sep
anxiety,26487815,https://pubmed.ncbi.nlm.nih.gov/26487815/,Cognitive behavioral group therapy for,Wolgensinger L.,Dialogues Clin Neurosci. 2015 Sep;17(3):347-51. doi: 10.31887/DCNS.2015.17.3/lwolgensinger.,Dialogues Clin Neurosci. 2015 Sep
anxiety,26487805,https://pubmed.ncbi.nlm.nih.gov/26487805/,,Kupfer DJ.,Dialogues Clin Neurosci. 2015 Sep;17(3):245-6. doi: 10.31887/DCNS.2015.17.3/dkupfer.,Dialogues Clin Neurosci. 2015 Sep
anxiety,32228525,https://pubmed.ncbi.nlm.nih.gov/32228525/,Preoperative,"Eberhart L, Aust H, Schuster M, Sturm T, Gehling M, Euteneuer F, Rüsch D.",BMC Psychiatry. 2020 Mar 30;20(1):140. doi: 10.1186/s12888-020-02552-w.,BMC Psychiatry. 2020 Mar 30
anxiety,30205837,https://pubmed.ncbi.nlm.nih.gov/30205837/,Evaluation of preoperative,"Celik F, Edipoglu IS.",Eur J Med Res. 2018 Sep 11;23(1):41. doi: 10.1186/s40001-018-0339-4.,Eur J Med Res. 2018 Sep 11
cancer,35362092,https://pubmed.ncbi.nlm.nih.gov/35362092/,Field,"Gadaleta E, Thorn GJ, Ross-Adams H, Jones LJ, Chelala C.",J Pathol. 2022 Jul;257(4):561-574. doi: 10.1002/path.5902. Epub 2022 May 3.,J Pathol. 2022 Jul
cancer,21458665,https://pubmed.ncbi.nlm.nih.gov/21458665/,Mapping,Gilbertson RJ.,Cell. 2011 Apr 1;145(1):25-9. doi: 10.1016/j.cell.2011.03.019.,Cell. 2011 Apr 1
cancer,38702718,https://pubmed.ncbi.nlm.nih.gov/38702718/,"Signaling,","Cordani M, Dando I, Ambrosini G, González-Menéndez P.",Cell Commun Signal. 2024 May 3;22(1):255. doi: 10.1186/s12964-024-01643-5.,Cell Commun Signal. 2024 May 3
arthritis,28148584,https://pubmed.ncbi.nlm.nih.gov/28148584/,Psoriatic,"Coates LC, Helliwell PS.",Clin Med (Lond). 2017 Feb;17(1):65-70. doi: 10.7861/clinmedicine.17-1-65.,Clin Med (Lond). 2017 Feb
arthritis,27037381,https://pubmed.ncbi.nlm.nih.gov/27037381/,Viral,"Marks M, Marks JL.",Clin Med (Lond). 2016 Apr;16(2):129-34. doi: 10.7861/clinmedicine.16-2-129.,Clin Med (Lond). 2016 Apr
arthritis,33097958,https://pubmed.ncbi.nlm.nih.gov/33097958/,Ankle,"Kiely PDW, Lloyd ME.",Rheumatology (Oxford). 2021 Jan 5;60(1):23-33. doi: 10.1093/rheumatology/keaa531.,Rheumatology (Oxford). 2021 Jan 5
arthritis,37904701,https://pubmed.ncbi.nlm.nih.gov/37904701/,COVID-associated,"Zarpoosh M, Amirian P.",Immun Inflamm Dis. 2023 Oct;11(10):e1035. doi: 10.1002/iid3.1035.,Immun Inflamm Dis. 2023 Oct
depression,30726688,https://pubmed.ncbi.nlm.nih.gov/30726688/,,"Park LT, Zarate CA Jr.",N Engl J Med. 2019 Feb 7;380(6):559-568. doi: 10.1056/NEJMcp1712493.,N Engl J Med. 2019 Feb 7
depression,26412067,https://pubmed.ncbi.nlm.nih.gov/26412067/,Editorial: A Systematic Review of,Cui R.,Curr Neuropharmacol. 2015;13(4):480. doi: 10.2174/1570159x1304150831123535.,Curr Neuropharmacol. 2015
osteoporosis,33948669,https://pubmed.ncbi.nlm.nih.gov/33948669/,Menopausal,"Yong EL, Logan S.",Singapore Med J. 2021 Apr;62(4):159-166. doi: 10.11622/smedj.2021036.,Singapore Med J. 2021 Apr
osteoporosis,34154042,https://pubmed.ncbi.nlm.nih.gov/34154042/,Long-Term Treatment of,Brown JP.,Endocrinol Metab (Seoul). 2021 Jun;36(3):544-552. doi: 10.3803/EnM.2021.301. Epub 2021 Jun 22.,Endocrinol Metab (Seoul). 2021 Jun
osteoporosis,2517695,https://pubmed.ncbi.nlm.nih.gov/2517695/,Risk factors for,Kelsey JL.,Public Health Rep. 1989 Sep-Oct;104 Suppl(Suppl):14-20.,Public Health Rep. 1989 Sep-Oct
multiple sclerosis,27956442,https://pubmed.ncbi.nlm.nih.gov/27956442/,,"Doshi A, Chataway J.",Clin Med (Lond). 2016 Dec;16(Suppl 6):s53-s59. doi: 10.7861/clinmedicine.16-6-s53.,Clin Med (Lond). 2016 Dec
epilepsy,28120042,https://pubmed.ncbi.nlm.nih.gov/28120042/,Recent advances in,Manford M.,J Neurol. 2017 Aug;264(8):1811-1824. doi: 10.1007/s00415-017-8394-2. Epub 2017 Jan 24.,J Neurol. 2017 Aug
epilepsy,6803925,https://pubmed.ncbi.nlm.nih.gov/6803925/,,Valman HB.,Br Med J (Clin Res Ed). 1982 Apr 24;284(6324):1247-50. doi: 10.1136/bmj.284.6324.1247.,Br Med J (Clin Res Ed). 1982 Apr 24
schizophrenia,29742910,https://pubmed.ncbi.nlm.nih.gov/29742910/,An Overview of Animal Models Related to,"Winship IR, Dursun SM, Baker GB, Balista PA, Kandratavicius L, Maia-de-Oliveira JP, Hallak J, Howland JG.",Can J Psychiatry. 2019 Jan;64(1):5-17. doi: 10.1177/0706743718773728. Epub 2018 May 9.,Can J Psychiatry. 2019 Jan
schizophrenia,23698762,https://pubmed.ncbi.nlm.nih.gov/23698762/,Role of melatonin in,"Morera-Fumero AL, Abreu-Gonzalez P.",Int J Mol Sci. 2013 Apr 25;14(5):9037-50. doi: 10.3390/ijms14059037.,Int J Mol Sci. 2013 Apr 25
schizophrenia,37853064,https://pubmed.ncbi.nlm.nih.gov/37853064/,Genomic findings in,"Owen MJ, Legge SE, Rees E, Walters JTR, O'Donovan MC.",Mol Psychiatry. 2023 Sep;28(9):3638-3647. doi: 10.1038/s41380-023-02293-8. Epub 2023 Oct 18.,Mol Psychiatry. 2023 Sep
hiv,24525288,https://pubmed.ncbi.nlm.nih.gov/24525288/,,Melikyan GB.,Curr Opin Virol. 2014 Feb;4:1-7. doi: 10.1016/j.coviro.2013.09.004. Epub 2013 Nov 1.,Curr Opin Virol. 2014 Feb
hiv,28059958,https://pubmed.ncbi.nlm.nih.gov/28059958/,Future technologies for monitoring,"Parikh UM, McCormick K, van Zyl G, Mellors JW.",Curr Opin HIV AIDS. 2017 Mar;12(2):182-189. doi: 10.1097/COH.0000000000000344.,Curr Opin HIV AIDS. 2017 Mar
hiv,17060974,https://pubmed.ncbi.nlm.nih.gov/17060974/,,"Richman DD, Little SJ, Smith DM, Wrin T, Petropoulos C, Wong JK.",Trans Am Clin Climatol Assoc. 2004;115:289-303.,Trans Am Clin Climatol Assoc. 2004
hiv,32066532,https://pubmed.ncbi.nlm.nih.gov/32066532/,,"Okano JT, Sharp K, Valdano E, Palk L, Blower S.",Lancet HIV. 2020 Mar;7(3):e209-e214. doi: 10.1016/S2352-3018(19)30407-2. Epub 2020 Feb 14.,Lancet HIV. 2020 Mar
hiv,25939065,https://pubmed.ncbi.nlm.nih.gov/25939065/,,"Jia X, Zhao Q, Xiong Y.",Curr Opin Struct Biol. 2015 Apr;31:106-14. doi: 10.1016/j.sbi.2015.04.004. Epub 2015 May 16.,Curr Opin Struct Biol. 2015 Apr
hiv,30946143,https://pubmed.ncbi.nlm.nih.gov/30946143/,Ethical issues in,"Mehta SR, Schairer C, Little S.",Curr Opin HIV AIDS. 2019 May;14(3):221-226. doi: 10.1097/COH.0000000000000538.,Curr Opin HIV AIDS. 2019 May
autism,23226953,https://pubmed.ncbi.nlm.nih.gov/23226953/,,"Chaste P, Leboyer M.",Dialogues Clin Neurosci. 2012 Sep;14(3):281-92. doi: 10.31887/DCNS.2012.14.3/pchaste.,Dialogues Clin Neurosci. 2012 Sep
autism,12946972,https://pubmed.ncbi.nlm.nih.gov/12946972/,Diagnosis of,"Baird G, Cass H, Slonims V.",BMJ. 2003 Aug 30;327(7413):488-93. doi: 10.1136/bmj.327.7413.488.,BMJ. 2003 Aug 30
autism,25524786,https://pubmed.ncbi.nlm.nih.gov/25524786/,Sex/gender differences and,"Lai MC, Lombardo MV, Auyeung B, Chakrabarti B, Baron-Cohen S.",J Am Acad Child Adolesc Psychiatry. 2015 Jan;54(1):11-24. doi: 10.1016/j.jaac.2014.10.003. Epub 2014 Oct 16.,J Am Acad Child Adolesc Psychiatry. 2015 Jan
bipolar disorder,28503106,https://pubmed.ncbi.nlm.nih.gov/28503106/,Depression and Mania in,"Tondo L, Vázquez GH, Baldessarini RJ.",Curr Neuropharmacol. 2017 Apr;15(3):353-358. doi: 10.2174/1570159X14666160606210811.,Curr Neuropharmacol. 2017 Apr
bipolar disorder,28498954,https://pubmed.ncbi.nlm.nih.gov/28498954/,Cognitive Impairment in,"Solé B, Jiménez E, Torrent C, Reinares M, Bonnin CDM, Torres I, Varo C, Grande I, Valls E, Salagre E, Sanchez-Moreno J, Martinez-Aran A, Carvalho AF, Vieta E.",Int J Neuropsychopharmacol. 2017 Aug 1;20(8):670-680. doi: 10.1093/ijnp/pyx032.,Int J Neuropsychopharmacol. 2017 Aug 1
bipolar disorder,29169634,https://pubmed.ncbi.nlm.nih.gov/29169634/,The Emerging Neurobiology of,"Harrison PJ, Geddes JR, Tunbridge EM.",Trends Neurosci. 2018 Jan;41(1):18-30. doi: 10.1016/j.tins.2017.10.006. Epub 2017 Nov 20.,Trends Neurosci. 2018 Jan
bipolar disorder,26172568,https://pubmed.ncbi.nlm.nih.gov/26172568/,Diagnosis and treatment of patients with,"McCormick U, Murray B, McNew B.",J Am Assoc Nurse Pract. 2015 Sep;27(9):530-42. doi: 10.1002/2327-6924.12275. Epub 2015 Jul 14.,J Am Assoc Nurse Pract. 2015 Sep
bipolar disorder,31093646,https://pubmed.ncbi.nlm.nih.gov/31093646/,"Improving Functioning, Quality of Life, and Well-being in Patients With","Bonnín CDM, Reinares M, Martínez-Arán A, Jiménez E, Sánchez-Moreno J, Solé B, Montejo L, Vieta E.",Int J Neuropsychopharmacol. 2019 Aug 1;22(8):467-477. doi: 10.1093/ijnp/pyz018.,Int J Neuropsychopharmacol. 2019 Aug 1
tuberculosis,26409271,https://pubmed.ncbi.nlm.nih.gov/26409271/,Perspectives on Advances in,"Schito M, Migliori GB, Fletcher HA, McNerney R, Centis R, D'Ambrosio L, Bates M, Kibiki G, Kapata N, Corrah T, Bomanji J, Vilaplana C, Johnson D, Mwaba P, Maeurer M, Zumla A.",Clin Infect Dis. 2015 Oct 15;61Suppl 3(Suppl 3):S102-18. doi: 10.1093/cid/civ609.,Clin Infect Dis. 2015 Oct 15
tuberculosis,38516785,https://pubmed.ncbi.nlm.nih.gov/38516785/,Cost-effectiveness of active,"Gogichadze N, Sagrera A, Vicente JÁ, Millet JP, López-Seguí F, Vilaplana C.",Euro Surveill. 2024 Mar;29(12):2300614. doi: 10.2807/1560-7917.ES.2024.29.12.2300614.,Euro Surveill. 2024 Mar
hepatitis,8185372,https://pubmed.ncbi.nlm.nih.gov/8185372/,Viral,"Gregorio GV, Mieli-Vergani G, Mowat AP.",Arch Dis Child. 1994 Apr;70(4):343-8. doi: 10.1136/adc.70.4.343.,Arch Dis Child. 1994 Apr
hepatitis,16418523,https://pubmed.ncbi.nlm.nih.gov/16418523/,Diagnosis of,"Nainan OV, Xia G, Vaughan G, Margolis HS.",Clin Microbiol Rev. 2006 Jan;19(1):63-79. doi: 10.1128/CMR.19.1.63-79.2006.,Clin Microbiol Rev. 2006 Jan
hepatitis,35029725,https://pubmed.ncbi.nlm.nih.gov/35029725/,[Epidemiology of viral,"Dudareva S, Faber M, Zimmermann R, Bock CT, Offergeld R, Steffen G, Enkelmann J.",Bundesgesundheitsblatt Gesundheitsforschung Gesundheitsschutz. 2022 Feb;65(2):149-158. doi: 10.1007/s00103-021-03478-8. Epub 2022 Jan 14.,Bundesgesundheitsblatt Gesundheitsforschung Gesundheitsschutz. 2022 Feb
covid-19,33400058,https://pubmed.ncbi.nlm.nih.gov/33400058/,Recent Developments on Therapeutic and Diagnostic Approaches for,"Majumder J, Minko T.",AAPS J. 2021 Jan 5;23(1):14. doi: 10.1208/s12248-020-00532-2.,AAPS J. 2021 Jan 5
covid-19,33126180,https://pubmed.ncbi.nlm.nih.gov/33126180/,,"Yüce M, Filiztekin E, Özkaya KG.",Biosens Bioelectron. 2021 Jan 15;172:112752. doi: 10.1016/j.bios.2020.112752. Epub 2020 Oct 24.,Biosens Bioelectron. 2021 Jan 15
covid-19,35619009,https://pubmed.ncbi.nlm.nih.gov/35619009/,,"Maniruzzaman M, Islam MM, Ali MH, Mukerjee N, Maitra S, Kamal MA, Ghosh A, Castrosanto MA, Alexiou A, Ashraf GM, Tagde P, Rahman MH.",Environ Sci Pollut Res Int. 2022 Jul;29(34):51384-51397. doi: 10.1007/s11356-022-21041-z. Epub 2022 May 27.,Environ Sci Pollut Res Int. 2022 Jul
covid-19,33980687,https://pubmed.ncbi.nlm.nih.gov/33980687/,Tools and Techniques for,"Safiabadi Tali SH, LeBlanc JJ, Sadiq Z, Oyewunmi OD, Camargo C, Nikpour B, Armanfard N, Sagan SM, Jahanshahi-Anbuhi S.",Clin Microbiol Rev. 2021 May 12;34(3):e00228-20. doi: 10.1128/CMR.00228-20. Print 2021 Jun 16.,Clin Microbiol Rev. 2021 May 12
covid-19,33522478,https://pubmed.ncbi.nlm.nih.gov/33522478/,Postvaccination,"Amit S, Beni SA, Biber A, Grinberg A, Leshem E, Regev-Yochay G.",Emerg Infect Dis. 2021 Apr;27(4):1220-1222. doi: 10.3201/eid2704.210016. Epub 2021 Feb 1.,Emerg Infect Dis. 2021 Apr
covid-19,34062874,https://pubmed.ncbi.nlm.nih.gov/34062874/,Point-of-Care PCR Assays for,"Gupta N, Augustine S, Narayan T, O'Riordan A, Das A, Kumar D, Luong JHT, Malhotra BD.",Biosensors (Basel). 2021 May 1;11(5):141. doi: 10.3390/bios11050141.,Biosensors (Basel). 2021 May 1
covid-19,33394144,https://pubmed.ncbi.nlm.nih.gov/33394144/,Detection technologies and recent developments in the diagnosis of,"Rai P, Kumar BK, Deekshit VK, Karunasagar I, Karunasagar I.",Appl Microbiol Biotechnol. 2021 Jan;105(2):441-455. doi: 10.1007/s00253-020-11061-5. Epub 2021 Jan 4.,Appl Microbiol Biotechnol. 2021 Jan
pneumonia,21088086,https://pubmed.ncbi.nlm.nih.gov/21088086/,,"Reynolds JH, McDonald G, Alton H, Gordon SB.",Br J Radiol. 2010 Dec;83(996):998-1009. doi: 10.1259/bjr/31200593.,Br J Radiol. 2010 Dec
influenza,24891213,https://pubmed.ncbi.nlm.nih.gov/24891213/,Continuing challenges in,"Webster RG, Govorkova EA.",Ann N Y Acad Sci. 2014 Sep;1323(1):115-39. doi: 10.1111/nyas.12462. Epub 2014 May 30.,Ann N Y Acad Sci. 2014 Sep
influenza,20007905,https://pubmed.ncbi.nlm.nih.gov/20007905/,2009 H1N1,"Sullivan SJ, Jacobson RM, Dowdle WR, Poland GA.",Mayo Clin Proc. 2010 Jan;85(1):64-76. doi: 10.4065/mcp.2009.0588. Epub 2009 Dec 10.,Mayo Clin Proc. 2010 Jan
influenza,33855983,https://pubmed.ncbi.nlm.nih.gov/33855983/,,"Guillari A, Polito F, Pucciarelli G, Serra N, Gargiulo G, Esposito MR, Botti S, Rea T, Simeone S.",Acta Biomed. 2021 Mar 25;92(S2):e2021004. doi: 10.23750/abm.v92iS2.11106.,Acta Biomed. 2021 Mar 25
influenza,37158822,https://pubmed.ncbi.nlm.nih.gov/37158822/,Addressing,"Gil-de-Miguel Á, Díez-Domingo J, Martinón-Torres F, Margüello ER, de Lejarazu Leonardo RO, Pumarola T, de Sousa JC, Rabaçal C, Raposo J, Cordeiro CR, Froes F.",BMC Infect Dis. 2023 May 8;23(1):308. doi: 10.1186/s12879-023-08277-x.,BMC Infect Dis. 2023 May 8
dengue,35078789,https://pubmed.ncbi.nlm.nih.gov/35078789/,,"Kularatne SA, Dalugama C.",Clin Med (Lond). 2022 Jan;22(1):9-13. doi: 10.7861/clinmed.2021-0791.,Clin Med (Lond). 2022 Jan
dengue,27525287,https://pubmed.ncbi.nlm.nih.gov/27525287/,,"Khetarpal N, Khanna I.",J Immunol Res. 2016;2016:6803098. doi: 10.1155/2016/6803098. Epub 2016 Jul 20.,J Immunol Res. 2016
dengue,9665979,https://pubmed.ncbi.nlm.nih.gov/9665979/,,Gubler DJ.,Clin Microbiol Rev. 1998 Jul;11(3):480-96. doi: 10.1128/CMR.11.3.480.,Clin Microbiol Rev. 1998 Jul
dengue,35727463,https://pubmed.ncbi.nlm.nih.gov/35727463/,Neurological Complications of,"Trivedi S, Chakravarty A.",Curr Neurol Neurosci Rep. 2022 Aug;22(8):515-529. doi: 10.1007/s11910-022-01213-7. Epub 2022 Jun 21.,Curr Neurol Neurosci Rep. 2022 Aug
dengue,29690895,https://pubmed.ncbi.nlm.nih.gov/29690895/,"History, epidemiology and diagnostics of","Salles TS, da Encarnação Sá-Guimarães T, de Alvarenga ESL, Guimarães-Ribeiro V, de Meneses MDF, de Castro-Salles PF, Dos Santos CR, do Amaral Melo AC, Soares MR, Ferreira DF, Moreira MF.",Parasit Vectors. 2018 Apr 24;11(1):264. doi: 10.1186/s13071-018-2830-8.,Parasit Vectors. 2018 Apr 24
malaria,36649040,https://pubmed.ncbi.nlm.nih.gov/36649040/,An Overview of,Savi MK.,Med Sci (Basel). 2022 Dec 23;11(1):3. doi: 10.3390/medsci11010003.,Med Sci (Basel). 2022 Dec 23
malaria,28533315,https://pubmed.ncbi.nlm.nih.gov/28533315/,,Milner DA Jr.,Cold Spring Harb Perspect Med. 2018 Jan 2;8(1):a025569. doi: 10.1101/cshperspect.a025569.,Cold Spring Harb Perspect Med. 2018 Jan 2
malaria,29761762,https://pubmed.ncbi.nlm.nih.gov/29761762/,,"Lover AA, Baird JK, Gosling R, Price RN.",Am J Trop Med Hyg. 2018 Jul;99(1):17-23. doi: 10.4269/ajtmh.17-0869. Epub 2018 May 10.,Am J Trop Med Hyg. 2018 Jul
malaria,35449995,https://pubmed.ncbi.nlm.nih.gov/35449995/,A brief review of,"Nazari N, Hamzavi Y, Rezaei M, Khoshbo P.",J Med Life. 2022 Mar;15(3):392-396. doi: 10.25122/jml-2021-0374.,J Med Life. 2022 Mar
chronic kidney disease,34579153,https://pubmed.ncbi.nlm.nih.gov/34579153/,,"Naber T, Purohit S.",Nutrients. 2021 Sep 19;13(9):3277. doi: 10.3390/nu13093277.,Nutrients. 2021 Sep 19
chronic kidney disease,34437400,https://pubmed.ncbi.nlm.nih.gov/34437400/,,"Agarwal P, Garg V, Karagaiah P, Szepietowski JC, Grabbe S, Goldust M.",Toxins (Basel). 2021 Jul 28;13(8):527. doi: 10.3390/toxins13080527.,Toxins (Basel). 2021 Jul 28
liver disease,29295475,https://pubmed.ncbi.nlm.nih.gov/29295475/,Nutrition and,"Mandato C, Di Nuzzi A, Vajro P.",Nutrients. 2017 Dec 23;10(1):9. doi: 10.3390/nu10010009.,Nutrients. 2017 Dec 23
liver disease,34202537,https://pubmed.ncbi.nlm.nih.gov/34202537/,,"Neshat SY, Quiroz VM, Wang Y, Tamayo S, Doloff JC.",Int J Mol Sci. 2021 Jun 24;22(13):6777. doi: 10.3390/ijms22136777.,Int J Mol Sci. 2021 Jun 24
liver disease,25164003,https://pubmed.ncbi.nlm.nih.gov/25164003/,The global burden of,"Wang FS, Fan JG, Zhang Z, Gao B, Wang HY.",Hepatology. 2014 Dec;60(6):2099-108. doi: 10.1002/hep.27406. Epub 2014 Oct 29.,Hepatology. 2014 Dec
liver disease,32776846,https://pubmed.ncbi.nlm.nih.gov/32776846/,Fontan-Associated,"Emamaullee J, Zaidi AN, Schiano T, Kahn J, Valentino PL, Hofer RE, Taner T, Wald JW, Olthoff KM, Bucuvalas J, Fischer R.",Circulation. 2020 Aug 11;142(6):591-604. doi: 10.1161/CIRCULATIONAHA.120.045597. Epub 2020 Aug 10.,Circulation. 2020 Aug 11
gastrointestinal disorders,31587977,https://pubmed.ncbi.nlm.nih.gov/31587977/,,"Thiemann AK, Sullivan RJE.",Vet Clin North Am Equine Pract. 2019 Dec;35(3):419-432. doi: 10.1016/j.cveq.2019.08.001. Epub 2019 Oct 3.,Vet Clin North Am Equine Pract. 2019 Dec
gastrointestinal disorders,32471598,https://pubmed.ncbi.nlm.nih.gov/32471598/,,"Madra M, Ringel R, Margolis KG.",Child Adolesc Psychiatr Clin N Am. 2020 Jul;29(3):501-513. doi: 10.1016/j.chc.2020.02.005. Epub 2020 Apr 2.,Child Adolesc Psychiatr Clin N Am. 2020 Jul
gastrointestinal disorders,35292014,https://pubmed.ncbi.nlm.nih.gov/35292014/,Asthma and the risk of,"Freuer D, Linseisen J, Meisinger C.",BMC Med. 2022 Mar 16;20(1):82. doi: 10.1186/s12916-022-02283-7.,BMC Med. 2022 Mar 16
rheumatoid arthritis,34831081,https://pubmed.ncbi.nlm.nih.gov/34831081/,Management of,"Radu AF, Bungau SG.",Cells. 2021 Oct 23;10(11):2857. doi: 10.3390/cells10112857.,Cells. 2021 Oct 23
rheumatoid arthritis,34305919,https://pubmed.ncbi.nlm.nih.gov/34305919/,Promising Therapeutic Targets for Treatment of,"Huang J, Fu X, Chen X, Li Z, Huang Y, Liang C.",Front Immunol. 2021 Jul 9;12:686155. doi: 10.3389/fimmu.2021.686155. eCollection 2021.,Front Immunol. 2021 Jul 9
celiac disease,34526700,https://pubmed.ncbi.nlm.nih.gov/34526700/,Society for the Study of,"Pinto-Sanchez MI, Silvester JA, Lebwohl B, Leffler DA, Anderson RP, Therrien A, Kelly CP, Verdu EF.",Nat Rev Gastroenterol Hepatol. 2021 Dec;18(12):875-884. doi: 10.1038/s41575-021-00511-8. Epub 2021 Sep 15.,Nat Rev Gastroenterol Hepatol. 2021 Dec
celiac disease,31210940,https://pubmed.ncbi.nlm.nih.gov/31210940/,European Society for the Study of,"Al-Toma A, Volta U, Auricchio R, Castillejo G, Sanders DS, Cellier C, Mulder CJ, Lundin KEA.",United European Gastroenterol J. 2019 Jun;7(5):583-613. doi: 10.1177/2050640619844125. Epub 2019 Apr 13.,United European Gastroenterol J. 2019 Jun
celiac disease,35815828,https://pubmed.ncbi.nlm.nih.gov/35815828/,Review article: Systemic consequences of,"Laurikka P, Kivelä L, Kurppa K, Kaukinen K.",Aliment Pharmacol Ther. 2022 Jul;56 Suppl 1(Suppl 1):S64-S72. doi: 10.1111/apt.16912.,Aliment Pharmacol Ther. 2022 Jul
lupus,12604793,https://pubmed.ncbi.nlm.nih.gov/12604793/,Interferon-inducible gene expression signature in peripheral blood cells of patients with severe,"Baechler EC, Batliwalla FM, Karypis G, Gaffney PM, Ortmann WA, Espe KJ, Shark KB, Grande WJ, Hughes KM, Kapur V, Gregersen PK, Behrens TW.",Proc Natl Acad Sci U S A. 2003 Mar 4;100(5):2610-5. doi: 10.1073/pnas.0337679100. Epub 2003 Feb 25.,Proc Natl Acad Sci U S A. 2003 Mar 4
psoriasis,30909615,https://pubmed.ncbi.nlm.nih.gov/30909615/,,"Rendon A, Schäkel K.",Int J Mol Sci. 2019 Mar 23;20(6):1475. doi: 10.3390/ijms20061475.,Int J Mol Sci. 2019 Mar 23
psoriasis,31491865,https://pubmed.ncbi.nlm.nih.gov/31491865/,Risk Factors for the Development of,"Kamiya K, Kishimoto M, Sugai J, Komine M, Ohtsuki M.",Int J Mol Sci. 2019 Sep 5;20(18):4347. doi: 10.3390/ijms20184347.,Int J Mol Sci. 2019 Sep 5
psoriasis,34067151,https://pubmed.ncbi.nlm.nih.gov/34067151/,,"Petit RG, Cano A, Ortiz A, Espina M, Prat J, Muñoz M, Severino P, Souto EB, García ML, Pujol M, Sánchez-López E.",Int J Mol Sci. 2021 May 7;22(9):4983. doi: 10.3390/ijms22094983.,Int J Mol Sci. 2021 May 7
psoriasis,15708928,https://pubmed.ncbi.nlm.nih.gov/15708928/,,"Langley RG, Krueger GG, Griffiths CE.",Ann Rheum Dis. 2005 Mar;64 Suppl 2(Suppl 2):ii18-23; discussion ii24-5. doi: 10.1136/ard.2004.033217.,Ann Rheum Dis. 2005 Mar
psoriasis,31225638,https://pubmed.ncbi.nlm.nih.gov/31225638/,Management of,Korman NJ.,Br J Dermatol. 2020 Apr;182(4):840-848. doi: 10.1111/bjd.18245. Epub 2019 Oct 15.,Br J Dermatol. 2020 Apr
psoriasis,26072040,https://pubmed.ncbi.nlm.nih.gov/26072040/,,"Bronckers IM, Paller AS, van Geel MJ, van de Kerkhof PC, Seyger MM.",Paediatr Drugs. 2015 Oct;17(5):373-84. doi: 10.1007/s40272-015-0137-1.,Paediatr Drugs. 2015 Oct
crohn's disease,21524318,https://pubmed.ncbi.nlm.nih.gov/21524318/,,"Mills SC, von Roon AC, Tekkis PP, Orchard TR.",BMJ Clin Evid. 2011 Apr 27;2011:0416.,BMJ Clin Evid. 2011 Apr 27
ulcerative colitis,33762374,https://pubmed.ncbi.nlm.nih.gov/33762374/,,"Segal JP, LeBlanc JF, Hart AL.",Clin Med (Lond). 2021 Mar;21(2):135-139. doi: 10.7861/clinmed.2021-0080.,Clin Med (Lond). 2021 Mar
ulcerative colitis,31262022,https://pubmed.ncbi.nlm.nih.gov/31262022/,Diet in the Pathogenesis and Management of,"Keshteli AH, Madsen KL, Dieleman LA.",Nutrients. 2019 Jun 30;11(7):1498. doi: 10.3390/nu11071498.,Nutrients. 2019 Jun 30
ulcerative colitis,33121688,https://pubmed.ncbi.nlm.nih.gov/33121688/,Assessing Severity of Disease in Patients with,"Pabla BS, Schwartz DA.",Gastroenterol Clin North Am. 2020 Dec;49(4):671-688. doi: 10.1016/j.gtc.2020.08.003. Epub 2020 Sep 23.,Gastroenterol Clin North Am. 2020 Dec
inflammatory bowel disease,24415861,https://pubmed.ncbi.nlm.nih.gov/24415861/,,"Zhang YZ, Li YY.",World J Gastroenterol. 2014 Jan 7;20(1):91-9. doi: 10.3748/wjg.v20.i1.91.,World J Gastroenterol. 2014 Jan 7
inflammatory bowel disease,36262056,https://pubmed.ncbi.nlm.nih.gov/36262056/,Environmental risk factors for,"Singh N, Bernstein CN.",United European Gastroenterol J. 2022 Dec;10(10):1047-1053. doi: 10.1002/ueg2.12319. Epub 2022 Oct 19.,United European Gastroenterol J. 2022 Dec
inflammatory bowel disease,31406511,https://pubmed.ncbi.nlm.nih.gov/31406511/,"A review of the diagnosis, prevention, and treatment methods of","Seyedian SS, Nokhostin F, Malamir MD.",J Med Life. 2019 Apr-Jun;12(2):113-122. doi: 10.25122/jml-2018-0075.,J Med Life. 2019 Apr-Jun
inflammatory bowel disease,26414706,https://pubmed.ncbi.nlm.nih.gov/26414706/,,"Rosen MJ, Dhawan A, Saeed SA.",JAMA Pediatr. 2015 Nov;169(11):1053-60. doi: 10.1001/jamapediatrics.2015.1982.,JAMA Pediatr. 2015 Nov
inflammatory bowel disease,21677747,https://pubmed.ncbi.nlm.nih.gov/21677747/,Genetics and pathogenesis of,"Khor B, Gardet A, Xavier RJ.",Nature. 2011 Jun 15;474(7351):307-17. doi: 10.1038/nature10209.,Nature. 2011 Jun 15
inflammatory bowel disease,30466773,https://pubmed.ncbi.nlm.nih.gov/30466773/,Early-Onset,"Kelsen JR, Russo P, Sullivan KE.",Immunol Allergy Clin North Am. 2019 Feb;39(1):63-79. doi: 10.1016/j.iac.2018.08.008.,Immunol Allergy Clin North Am. 2019 Feb
anemia,35213686,https://pubmed.ncbi.nlm.nih.gov/35213686/,,Gallagher PG.,Blood. 2022 Aug 11;140(6):571-593. doi: 10.1182/blood.2020006479.,Blood. 2022 Aug 11
anemia,31008520,https://pubmed.ncbi.nlm.nih.gov/31008520/,,"Chaparro CM, Suchdev PS.",Ann N Y Acad Sci. 2019 Aug;1450(1):15-31. doi: 10.1111/nyas.14092. Epub 2019 Apr 22.,Ann N Y Acad Sci. 2019 Aug
anemia,29224999,https://pubmed.ncbi.nlm.nih.gov/29224999/,[,"Cases A, Egocheaga MI, Tranche S, Pallarés V, Ojeda R, Górriz JL, Portolés JM.",Aten Primaria. 2018 Jan;50(1):60-64. doi: 10.1016/j.aprim.2017.09.007. Epub 2017 Dec 7.,Aten Primaria. 2018 Jan
leukemia,35401520,https://pubmed.ncbi.nlm.nih.gov/35401520/,,"Zoine JT, Moore SE, Velasquez MP.",Front Immunol. 2022 Mar 25;13:867103. doi: 10.3389/fimmu.2022.867103. eCollection 2022.,Front Immunol. 2022 Mar 25
leukemia,33953370,https://pubmed.ncbi.nlm.nih.gov/33953370/,,"Whiteley AE, Price TT, Cantelli G, Sipkins DA.",Nat Rev Cancer. 2021 Jul;21(7):461-475. doi: 10.1038/s41568-021-00355-z. Epub 2021 May 5.,Nat Rev Cancer. 2021 Jul
leukemia,39048945,https://pubmed.ncbi.nlm.nih.gov/39048945/,Ubiquitin-specific proteases (USPs) in,"Zangooie A, Tavoosi S, Arabhosseini M, Halimi A, Zangooie H, Baghsheikhi AH, Rahgozar S, Ahmadvand M, Jarrahi AM, Salehi Z.",BMC Cancer. 2024 Jul 25;24(1):894. doi: 10.1186/s12885-024-12614-x.,BMC Cancer. 2024 Jul 25
leukemia,32474572,https://pubmed.ncbi.nlm.nih.gov/32474572/,Adipocytes in hematopoiesis and acute,"Zinngrebe J, Debatin KM, Fischer-Posovszky P.",Leukemia. 2020 Sep;34(9):2305-2316. doi: 10.1038/s41375-020-0886-x. Epub 2020 May 30.,Leukemia. 2020 Sep
leukemia,38511262,https://pubmed.ncbi.nlm.nih.gov/38511262/,Type I interferons:,"Kumar A, Swaminathan S.",Haematologica. 2024 Jul 1;109(7):2026-2028. doi: 10.3324/haematol.2024.285079.,Haematologica. 2024 Jul 1
lymphoma,28133975,https://pubmed.ncbi.nlm.nih.gov/28133975/,,"Jiang M, Bennani NN, Feldman AL.",Expert Rev Hematol. 2017 Mar;10(3):239-249. doi: 10.1080/17474086.2017.1281122. Epub 2017 Jan 29.,Expert Rev Hematol. 2017 Mar
lymphoma,30573042,https://pubmed.ncbi.nlm.nih.gov/30573042/,Diagnosis and classification of,Jaffe ES.,Semin Hematol. 2019 Jan;56(1):30-36. doi: 10.1053/j.seminhematol.2018.05.007. Epub 2018 May 29.,Semin Hematol. 2019 Jan
melanoma,26991400,https://pubmed.ncbi.nlm.nih.gov/26991400/,Uveal,"Chattopadhyay C, Kim DW, Gombos DS, Oba J, Qin Y, Williams MD, Esmaeli B, Grimm EA, Wargo JA, Woodman SE, Patel SP.",Cancer. 2016 Aug 1;122(15):2299-312. doi: 10.1002/cncr.29727. Epub 2016 Mar 15.,Cancer. 2016 Aug 1
melanoma,30675668,https://pubmed.ncbi.nlm.nih.gov/30675668/,Targeted Therapy and Immunotherapy for,"Namikawa K, Yamazaki N.",Curr Treat Options Oncol. 2019 Jan 24;20(1):7. doi: 10.1007/s11864-019-0607-8.,Curr Treat Options Oncol. 2019 Jan 24
obesity,32134010,https://pubmed.ncbi.nlm.nih.gov/32134010/,"Obesity subtypes, related biomarkers & heterogeneity.","Mayoral LP, Andrade GM, Mayoral EP, Huerta TH, Canseco SP, Rodal Canales FJ, Cabrera-Fuentes HA, Cruz MM, Pérez Santiago AD, Alpuche JJ, Zenteno E, Ruíz HM, Cruz RM, Jeronimo JH, Perez-Campos E.",Indian J Med Res. 2020 Jan;151(1):11-21. doi: 10.4103/ijmr.IJMR_1768_17.,Indian J Med Res. 2020 Jan
obesity,30721956,https://pubmed.ncbi.nlm.nih.gov/30721956/,Humans against Obesity: Who Will Win?,Caballero B.,Adv Nutr. 2019 Jan 1;10(suppl_1):S4-S9. doi: 10.1093/advances/nmy055.,Adv Nutr. 2019 Jan 1
obesity,37191347,https://pubmed.ncbi.nlm.nih.gov/37191347/,Current Treatments for Patients with Genetic Obesity.,"Faccioli N, Poitou C, Clément K, Dubern B.",J Clin Res Pediatr Endocrinol. 2023 May 29;15(2):108-119. doi: 10.4274/jcrpe.galenos.2023.2023-3-2. Epub 2023 May 16.,J Clin Res Pediatr Endocrinol. 2023 May 29
obesity,33270290,https://pubmed.ncbi.nlm.nih.gov/33270290/,The hematologic consequences of obesity.,"Purdy JC, Shatzel JJ.",Eur J Haematol. 2021 Mar;106(3):306-319. doi: 10.1111/ejh.13560. Epub 2020 Dec 13.,Eur J Haematol. 2021 Mar
hepatitis b,33265922,https://pubmed.ncbi.nlm.nih.gov/33265922/,,"Tu T, Douglas MW.",Viruses. 2020 Nov 30;12(12):1366. doi: 10.3390/v12121366.,Viruses. 2020 Nov 30
hepatitis b,36569273,https://pubmed.ncbi.nlm.nih.gov/36569273/,Correlation between COVID-19 and,"He YF, Jiang ZG, Wu N, Bian N, Ren JL.",World J Gastroenterol. 2022 Dec 14;28(46):6599-6618. doi: 10.3748/wjg.v28.i46.6599.,World J Gastroenterol. 2022 Dec 14
pancreatitis,30660731,https://pubmed.ncbi.nlm.nih.gov/30660731/,"Genetics, Cell Biology, and Pathophysiology of","Mayerle J, Sendler M, Hegyi E, Beyer G, Lerch MM, Sahin-Tóth M.",Gastroenterology. 2019 May;156(7):1951-1968.e1. doi: 10.1053/j.gastro.2018.11.081. Epub 2019 Jan 18.,Gastroenterology. 2019 May
pancreatitis,39534420,https://pubmed.ncbi.nlm.nih.gov/39534420/,Trypsin in,"Gukovskaya AS, Lerch MM, Mayerle J, Sendler M, Ji B, Saluja AK, Gorelick FS, Gukovsky I.",World J Gastroenterol. 2024 Nov 7;30(41):4417-4438. doi: 10.3748/wjg.v30.i41.4417.,World J Gastroenterol. 2024 Nov 7
pancreatitis,26912410,https://pubmed.ncbi.nlm.nih.gov/26912410/,"The p21-activated kinase, PAK2, is important in the activation of numerous","Nuche-Berenguer B, Ramos-Álvarez I, Jensen RT.",Biochim Biophys Acta. 2016 Jun;1862(6):1122-36. doi: 10.1016/j.bbadis.2016.02.008. Epub 2016 Feb 18.,Biochim Biophys Acta. 2016 Jun
pancreatitis,31663403,https://pubmed.ncbi.nlm.nih.gov/31663403/,Identification and management of,"Gutta A, Fogel E, Sherman S.",Expert Rev Gastroenterol Hepatol. 2019 Nov;13(11):1089-1105. doi: 10.1080/17474124.2019.1685871. Epub 2019 Nov 8.,Expert Rev Gastroenterol Hepatol. 2019 Nov
hepatitis c,33383891,https://pubmed.ncbi.nlm.nih.gov/33383891/,Therapy Implications of,"Martinez MA, Franco S.",Viruses. 2020 Dec 29;13(1):41. doi: 10.3390/v13010041.,Viruses. 2020 Dec 29
hepatitis c,25473152,https://pubmed.ncbi.nlm.nih.gov/25473152/,,"Preciado MV, Valva P, Escobar-Gutierrez A, Rahal P, Ruiz-Tovar K, Yamasaki L, Vazquez-Chacon C, Martinez-Guarneros A, Carpio-Pedroza JC, Fonseca-Coronado S, Cruz-Rivera M.",World J Gastroenterol. 2014 Nov 21;20(43):15992-6013. doi: 10.3748/wjg.v20.i43.15992.,World J Gastroenterol. 2014 Nov 21
hepatitis c,25110404,https://pubmed.ncbi.nlm.nih.gov/25110404/,,"Ansaldi F, Orsi A, Sticchi L, Bruzzone B, Icardi G.",World J Gastroenterol. 2014 Aug 7;20(29):9633-52. doi: 10.3748/wjg.v20.i29.9633.,World J Gastroenterol. 2014 Aug 7
hepatitis c,39452713,https://pubmed.ncbi.nlm.nih.gov/39452713/,,"Simão M, Gonçalves C.",Pathogens. 2024 Sep 28;13(10):841. doi: 10.3390/pathogens13100841.,Pathogens. 2024 Sep 28
hepatitis c,7933462,https://pubmed.ncbi.nlm.nih.gov/7933462/,,[No authors listed],IARC Monogr Eval Carcinog Risks Hum. 1994;59:165-221.,IARC Monogr Eval Carcinog Risks Hum. 1994
hepatitis c,28805674,https://pubmed.ncbi.nlm.nih.gov/28805674/,,"Chan ST, Ou JJ.",Viruses. 2017 Aug 12;9(8):224. doi: 10.3390/v9080224.,Viruses. 2017 Aug 12
hepatitis c,28625086,https://pubmed.ncbi.nlm.nih.gov/28625086/,,"Crouchet E, Baumert TF, Schuster C.",Expert Rev Proteomics. 2017 Jul;14(7):593-606. doi: 10.1080/14789450.2017.1344102. Epub 2017 Jun 30.,Expert Rev Proteomics. 2017 Jul
sepsis,36304809,https://pubmed.ncbi.nlm.nih.gov/36304809/,,"Srzić I, Nesek Adam V, Tunjić Pejak D.",Acta Clin Croat. 2022 Jun;61(Suppl 1):67-72. doi: 10.20471/acc.2022.61.s1.11.,Acta Clin Croat. 2022 Jun
sepsis,23480440,https://pubmed.ncbi.nlm.nih.gov/23480440/,Biomarkers of,Faix JD.,Crit Rev Clin Lab Sci. 2013 Jan-Feb;50(1):23-36. doi: 10.3109/10408363.2013.764490.,Crit Rev Clin Lab Sci. 2013 Jan-Feb
sepsis,37904710,https://pubmed.ncbi.nlm.nih.gov/37904710/,Potential biomarker for diagnosis and therapy of,"Sun Z, Song Y, Li J, Li Y, Yu Y, Wang X.",Immun Inflamm Dis. 2023 Oct;11(10):e1042. doi: 10.1002/iid3.1042.,Immun Inflamm Dis. 2023 Oct
sepsis,29022217,https://pubmed.ncbi.nlm.nih.gov/29022217/,,"Rello J, Valenzuela-Sánchez F, Ruiz-Rodriguez M, Moyano S.",Adv Ther. 2017 Nov;34(11):2393-2411. doi: 10.1007/s12325-017-0622-8. Epub 2017 Oct 11.,Adv Ther. 2017 Nov
sepsis,29626019,https://pubmed.ncbi.nlm.nih.gov/29626019/,Diagnosis and management of,Evans T.,Clin Med (Lond). 2018 Mar;18(2):146-149. doi: 10.7861/clinmedicine.18-2-146.,Clin Med (Lond). 2018 Mar
metabolic syndrome,29480368,https://pubmed.ncbi.nlm.nih.gov/29480368/,The Global Epidemic of the,Saklayen MG.,Curr Hypertens Rep. 2018 Feb 26;20(2):12. doi: 10.1007/s11906-018-0812-z.,Curr Hypertens Rep. 2018 Feb 26
metabolic syndrome,19407331,https://pubmed.ncbi.nlm.nih.gov/19407331/,A comprehensive definition for,Huang PL.,Dis Model Mech. 2009 May-Jun;2(5-6):231-7. doi: 10.1242/dmm.001180.,Dis Model Mech. 2009 May-Jun
metabolic syndrome,35565686,https://pubmed.ncbi.nlm.nih.gov/35565686/,"Meal Timing, Meal Frequency and","Alkhulaifi F, Darkoh C.",Nutrients. 2022 Apr 21;14(9):1719. doi: 10.3390/nu14091719.,Nutrients. 2022 Apr 21
metabolic syndrome,33202550,https://pubmed.ncbi.nlm.nih.gov/33202550/,,"Lemieux I, Després JP.",Nutrients. 2020 Nov 14;12(11):3501. doi: 10.3390/nu12113501.,Nutrients. 2020 Nov 14
metabolic syndrome,36429722,https://pubmed.ncbi.nlm.nih.gov/36429722/,Useful Biomarkers of,"Cho Y, Lee SY.",Int J Environ Res Public Health. 2022 Nov 15;19(22):15003. doi: 10.3390/ijerph192215003.,Int J Environ Res Public Health. 2022 Nov 15
metabolic syndrome,21542944,https://pubmed.ncbi.nlm.nih.gov/21542944/,,"Kassi E, Pervanidou P, Kaltsas G, Chrousos G.",BMC Med. 2011 May 5;9:48. doi: 10.1186/1741-7015-9-48.,BMC Med. 2011 May 5
meningitis,29731353,https://pubmed.ncbi.nlm.nih.gov/29731353/,Advances in,"Rua R, McGavern DB.",Trends Mol Med. 2018 Jun;24(6):542-559. doi: 10.1016/j.molmed.2018.04.003. Epub 2018 May 3.,Trends Mol Med. 2018 Jun
glaucoma,24825645,https://pubmed.ncbi.nlm.nih.gov/24825645/,The pathophysiology and treatment of,"Weinreb RN, Aung T, Medeiros FA.",JAMA. 2014 May 14;311(18):1901-11. doi: 10.1001/jama.2014.3192.,JAMA. 2014 May 14
glaucoma,34536459,https://pubmed.ncbi.nlm.nih.gov/34536459/,Juvenile-onset open-angle,"Selvan H, Gupta S, Wiggs JL, Gupta V.",Surv Ophthalmol. 2022 Jul-Aug;67(4):1099-1117. doi: 10.1016/j.survophthal.2021.09.001. Epub 2021 Sep 16.,Surv Ophthalmol. 2022 Jul-Aug
glaucoma,28820649,https://pubmed.ncbi.nlm.nih.gov/28820649/,Targets of Neuroprotection in,"He S, Stankowska DL, Ellis DZ, Krishnamoorthy RR, Yorio T.",J Ocul Pharmacol Ther. 2018 Jan/Feb;34(1-2):85-106. doi: 10.1089/jop.2017.0041. Epub 2017 Aug 18.,J Ocul Pharmacol Ther. 2018 Jan/Feb
cataract,37322647,https://pubmed.ncbi.nlm.nih.gov/37322647/,Enzymatic and biochemical properties of lens in age-related,"Mishra D, Kashyap A, Srivastav T, Yadav A, Pandey S, Majhi MM, Verma K, Prabu A, Singh V.",Indian J Ophthalmol. 2023 Jun;71(6):2379-2384. doi: 10.4103/ijo.IJO_1784_22.,Indian J Ophthalmol. 2023 Jun
cataract,34011744,https://pubmed.ncbi.nlm.nih.gov/34011744/,,"Rewri P, Lohan A, Aggarwal S, Chodhary P, Singhal A.",Indian J Ophthalmol. 2021 Jun;69(6):1575-1578. doi: 10.4103/ijo.IJO_2560_20.,Indian J Ophthalmol. 2021 Jun
cataract,31525139,https://pubmed.ncbi.nlm.nih.gov/31525139/,Biology of Inherited,"Shiels A, Hejtmancik JF.",Annu Rev Vis Sci. 2019 Sep 15;5:123-149. doi: 10.1146/annurev-vision-091517-034346.,Annu Rev Vis Sci. 2019 Sep 15
macular degeneration,26978865,https://pubmed.ncbi.nlm.nih.gov/26978865/,AGE-RELATED,"Gheorghe A, Mahdi L, Musat O.",Rom J Ophthalmol. 2015 Apr-Jun;59(2):74-7.,Rom J Ophthalmol. 2015 Apr-Jun
macular degeneration,33087239,https://pubmed.ncbi.nlm.nih.gov/33087239/,The Diagnosis and Treatment of Age-Related,Stahl A.,Dtsch Arztebl Int. 2020 Jul 20;117(29-30):513-520. doi: 10.3238/arztebl.2020.0513.,Dtsch Arztebl Int. 2020 Jul 20
macular degeneration,37972955,https://pubmed.ncbi.nlm.nih.gov/37972955/,LIGHTSITE III: 13-Month Efficacy and Safety Evaluation of Multiwavelength Photobiomodulation in Nonexudative (Dry) Age-Related,"Boyer D, Hu A, Warrow D, Xavier S, Gonzalez V, Lad E, Rosen RB, Do D, Schneiderman T, Ho A, Munk MR, Jaffe G, Tedford SE, Croissant CL, Walker M, Rückert R, Tedford CE.",Retina. 2024 Mar 1;44(3):487-497. doi: 10.1097/IAE.0000000000003980.,Retina. 2024 Mar 1
macular degeneration,35017696,https://pubmed.ncbi.nlm.nih.gov/35017696/,Review of gene therapies for age-related,"Khanani AM, Thomas MJ, Aziz AA, Weng CY, Danzig CJ, Yiu G, Kiss S, Waheed NK, Kaiser PK.",Eye (Lond). 2022 Feb;36(2):303-311. doi: 10.1038/s41433-021-01842-1. Epub 2022 Jan 11.,Eye (Lond). 2022 Feb
migraine,27083888,https://pubmed.ncbi.nlm.nih.gov/27083888/,Vestibular,"Dieterich M, Obermann M, Celebisoy N.",J Neurol. 2016 Apr;263 Suppl 1:S82-9. doi: 10.1007/s00415-015-7905-2. Epub 2016 Apr 15.,J Neurol. 2016 Apr
migraine,39979846,https://pubmed.ncbi.nlm.nih.gov/39979846/,,"Borończyk M, Zduńska A, Węgrzynek-Gallina J, Grodzka O, Lasek-Bal A, Domitrz I.",J Headache Pain. 2025 Feb 20;26(1):39. doi: 10.1186/s10194-025-01973-w.,J Headache Pain. 2025 Feb 20
encephalitis,29626021,https://pubmed.ncbi.nlm.nih.gov/29626021/,Acute,"Ellul M, Solomon T.",Clin Med (Lond). 2018 Mar;18(2):155-159. doi: 10.7861/clinmedicine.18-2-155.,Clin Med (Lond). 2018 Mar
encephalitis,24457189,https://pubmed.ncbi.nlm.nih.gov/24457189/,Rasmussen's,"Varadkar S, Bien CG, Kruse CA, Jensen FE, Bauer J, Pardo CA, Vincent A, Mathern GW, Cross JH.",Lancet Neurol. 2014 Feb;13(2):195-205. doi: 10.1016/S1474-4422(13)70260-6.,Lancet Neurol. 2014 Feb
retinopathy,32823399,https://pubmed.ncbi.nlm.nih.gov/32823399/,An update on autoimmune,"Dutta Majumder P, Marchese A, Pichi F, Garg I, Agarwal A.",Indian J Ophthalmol. 2020 Sep;68(9):1829-1837. doi: 10.4103/ijo.IJO_786_20.,Indian J Ophthalmol. 2020 Sep
retinopathy,33586674,https://pubmed.ncbi.nlm.nih.gov/33586674/,Endothelium-derived semaphorin 3G attenuates ischemic,"Chen DY, Sun NH, Chen X, Gong JJ, Yuan ST, Hu ZZ, Lu NN, Körbelin J, Fukunaga K, Liu QH, Lu YM, Han F.",J Clin Invest. 2021 Feb 15;131(4):e135296. doi: 10.1172/JCI135296.,J Clin Invest. 2021 Feb 15
retinopathy,31394964,https://pubmed.ncbi.nlm.nih.gov/31394964/,Non-paraneoplastic related,"Takiuti JT, Takahashi VKL, Xu CL, Jauregui R, Tsang SH.",Ophthalmic Genet. 2019 Aug;40(4):293-297. doi: 10.1080/13816810.2019.1650072. Epub 2019 Aug 8.,Ophthalmic Genet. 2019 Aug
retinopathy,23830845,https://pubmed.ncbi.nlm.nih.gov/23830845/,Arginase in,"Narayanan SP, Rojas M, Suwanpradid J, Toque HA, Caldwell RW, Caldwell RB.",Prog Retin Eye Res. 2013 Sep;36:260-80. doi: 10.1016/j.preteyeres.2013.06.002. Epub 2013 Jul 3.,Prog Retin Eye Res. 2013 Sep
otitis media,37097281,https://pubmed.ncbi.nlm.nih.gov/37097281/,New insights into the treatment of acute,"El Feghaly RE, Nedved A, Katz SE, Frost HM.",Expert Rev Anti Infect Ther. 2023 May;21(5):523-534. doi: 10.1080/14787210.2023.2206565. Epub 2023 Apr 28.,Expert Rev Anti Infect Ther. 2023 May
emphysema,36201635,https://pubmed.ncbi.nlm.nih.gov/36201635/,Contribution of adaptive immunity to human COPD and experimental models of,"Kheradmand F, Zhang Y, Corry DB.",Physiol Rev. 2023 Apr 1;103(2):1059-1093. doi: 10.1152/physrev.00036.2021. Epub 2022 Oct 6.,Physiol Rev. 2023 Apr 1
emphysema,37450936,https://pubmed.ncbi.nlm.nih.gov/37450936/,Unraveling the Distal Lung Destruction in,Petrache I.,Am J Respir Crit Care Med. 2023 Aug 15;208(4):357-358. doi: 10.1164/rccm.202307-1198ED.,Am J Respir Crit Care Med. 2023 Aug 15
emphysema,37174678,https://pubmed.ncbi.nlm.nih.gov/37174678/,Combined,"Gredic M, Karnati S, Ruppert C, Guenther A, Avdeev SN, Kosanovic D.",Cells. 2023 Apr 28;12(9):1278. doi: 10.3390/cells12091278.,Cells. 2023 Apr 28
emphysema,35753737,https://pubmed.ncbi.nlm.nih.gov/35753737/,Current status of interventional therapy for,"Chen L, Li Y, Pan P.",Zhong Nan Da Xue Xue Bao Yi Xue Ban. 2022 May 28;47(5):665-672. doi: 10.11817/j.issn.1672-7347.2022.210120.,Zhong Nan Da Xue Xue Bao Yi Xue Ban. 2022 May 28
emphysema,38123230,https://pubmed.ncbi.nlm.nih.gov/38123230/,Surgical and bronchoscopic,"Everaerts S, Vandervelde CM, Shah P, Slebos DJ, Ceulemans LJ.",Eur Respir Rev. 2023 Dec 20;32(170):230004. doi: 10.1183/16000617.0004-2023. Print 2023 Dec 31.,Eur Respir Rev. 2023 Dec 20
emphysema,36948499,https://pubmed.ncbi.nlm.nih.gov/36948499/,Lung transplantation for COPD/,"Verleden GM, Gottlieb J.",Eur Respir Rev. 2023 Mar 22;32(167):220116. doi: 10.1183/16000617.0116-2022. Print 2023 Mar 31.,Eur Respir Rev. 2023 Mar 22
sleep apnea,38537948,https://pubmed.ncbi.nlm.nih.gov/38537948/,Central,"Randerath W, Baillieul S, Tamisier R.",Eur Respir Rev. 2024 Mar 27;33(171):230141. doi: 10.1183/16000617.0141-2023. Print 2024 Jan 31.,Eur Respir Rev. 2024 Mar 27
sleep apnea,28959482,https://pubmed.ncbi.nlm.nih.gov/28959482/,,"Sharma S, Culebras A.",Stroke Vasc Neurol. 2016 Dec 19;1(4):185-191. doi: 10.1136/svn-2016-000038. eCollection 2016 Dec.,Stroke Vasc Neurol. 2016 Dec 19
sleep apnea,32417164,https://pubmed.ncbi.nlm.nih.gov/32417164/,Treatment of,"Bastier PL, Aisenberg N, Durand F, Lestang P, Abedipour D, Gallet de Santerre O, Couloigner V, Bequignon E.",Eur Ann Otorhinolaryngol Head Neck Dis. 2020 Sep;137(4):319-321. doi: 10.1016/j.anorl.2020.05.001. Epub 2020 May 11.,Eur Ann Otorhinolaryngol Head Neck Dis. 2020 Sep
insomnia,23423416,https://pubmed.ncbi.nlm.nih.gov/23423416/,,Buysse DJ.,JAMA. 2013 Feb 20;309(7):706-16. doi: 10.1001/jama.2013.193.,JAMA. 2013 Feb 20
insomnia,29852897,https://pubmed.ncbi.nlm.nih.gov/29852897/,,"Patel D, Steinberg J, Patel P.",J Clin Sleep Med. 2018 Jun 15;14(6):1017-1024. doi: 10.5664/jcsm.7172.,J Clin Sleep Med. 2018 Jun 15
insomnia,17824495,https://pubmed.ncbi.nlm.nih.gov/17824495/,,Roth T.,J Clin Sleep Med. 2007 Aug 15;3(5 Suppl):S7-10.,J Clin Sleep Med. 2007 Aug 15
endometriosis,31069056,https://pubmed.ncbi.nlm.nih.gov/31069056/,,Rolla E.,F1000Res. 2019 Apr 23;8:F1000 Faculty Rev-529. doi: 10.12688/f1000research.14817.1. eCollection 2019.,F1000Res. 2019 Apr 23
endometriosis,25408753,https://pubmed.ncbi.nlm.nih.gov/25408753/,,"Mehedintu C, Plotogea MN, Ionescu S, Antonovici M.",J Med Life. 2014 Sep 15;7(3):349-57. Epub 2014 Sep 25.,J Med Life. 2014 Sep 15
endometriosis,36918177,https://pubmed.ncbi.nlm.nih.gov/36918177/,Diagnosis and management of,"Allaire C, Bedaiwy MA, Yong PJ.",CMAJ. 2023 Mar 14;195(10):E363-E371. doi: 10.1503/cmaj.220637.,CMAJ. 2023 Mar 14
endometriosis,34627209,https://pubmed.ncbi.nlm.nih.gov/34627209/,Effect of physical activity and exercise on,"Tennfjord MK, Gabrielsen R, Tellum T.",BMC Womens Health. 2021 Oct 9;21(1):355. doi: 10.1186/s12905-021-01500-4.,BMC Womens Health. 2021 Oct 9
copd,36794439,https://pubmed.ncbi.nlm.nih.gov/36794439/,The Diagnosis and Treatment of,"Kahnert K, Jörres RA, Behr J, Welte T.",Dtsch Arztebl Int. 2023 Jun 23;120(25):434-444. doi: 10.3238/arztebl.m2023.027.,Dtsch Arztebl Int. 2023 Jun 23
copd,27028990,https://pubmed.ncbi.nlm.nih.gov/27028990/,Acute exacerbation of,"Ko FW, Chan KP, Hui DS, Goddard JR, Shaw JG, Reid DW, Yang IA.",Respirology. 2016 Oct;21(7):1152-65. doi: 10.1111/resp.12780. Epub 2016 Mar 30.,Respirology. 2016 Oct
breast cancer,28969709,https://pubmed.ncbi.nlm.nih.gov/28969709/,Awareness and current knowledge of,"Akram M, Iqbal M, Daniyal M, Khan AU.",Biol Res. 2017 Oct 2;50(1):33. doi: 10.1186/s40659-017-0140-9.,Biol Res. 2017 Oct 2
breast cancer,34595234,https://pubmed.ncbi.nlm.nih.gov/34595234/,Review of,"Zhang YN, Xia KR, Li CY, Wei BL, Zhang B.",Biomed Res Int. 2021 Sep 20;2021:1994764. doi: 10.1155/2021/1994764. eCollection 2021.,Biomed Res Int. 2021 Sep 20
breast cancer,35115765,https://pubmed.ncbi.nlm.nih.gov/35115765/,The Role of Progesterone Receptors in,"Li Z, Wei H, Li S, Wu P, Mao X.",Drug Des Devel Ther. 2022 Jan 26;16:305-314. doi: 10.2147/DDDT.S336643. eCollection 2022.,Drug Des Devel Ther. 2022 Jan 26
prostate cancer,36080493,https://pubmed.ncbi.nlm.nih.gov/36080493/,,"Sekhoacha M, Riet K, Motloung P, Gumenku L, Adegoke A, Mashele S.",Molecules. 2022 Sep 5;27(17):5730. doi: 10.3390/molecules27175730.,Molecules. 2022 Sep 5
prostate cancer,30181359,https://pubmed.ncbi.nlm.nih.gov/30181359/,Genetics and biology of,"Wang G, Zhao D, Spring DJ, DePinho RA.",Genes Dev. 2018 Sep 1;32(17-18):1105-1140. doi: 10.1101/gad.315739.118.,Genes Dev. 2018 Sep 1
prostate cancer,36430730,https://pubmed.ncbi.nlm.nih.gov/36430730/,Complexities of,"Wasim S, Lee SY, Kim J.",Int J Mol Sci. 2022 Nov 17;23(22):14257. doi: 10.3390/ijms232214257.,Int J Mol Sci. 2022 Nov 17
prostate cancer,24840073,https://pubmed.ncbi.nlm.nih.gov/24840073/,High-risk,"Chang AJ, Autio KA, Roach M 3rd, Scher HI.",Nat Rev Clin Oncol. 2014 Jun;11(6):308-23. doi: 10.1038/nrclinonc.2014.68. Epub 2014 May 20.,Nat Rev Clin Oncol. 2014 Jun
polycystic ovary syndrome,27406348,https://pubmed.ncbi.nlm.nih.gov/27406348/,CLINICAL PRACTICE.,"McCartney CR, Marshall JC.",N Engl J Med. 2016 Jul 7;375(1):54-64. doi: 10.1056/NEJMcp1514916.,N Engl J Med. 2016 Jul 7
polycystic ovary syndrome,33518179,https://pubmed.ncbi.nlm.nih.gov/33518179/,Diagnosis of,"Chang S, Dunaif A.",Endocrinol Metab Clin North Am. 2021 Mar;50(1):11-23. doi: 10.1016/j.ecl.2020.10.002.,Endocrinol Metab Clin North Am. 2021 Mar
polycystic ovary syndrome,24151290,https://pubmed.ncbi.nlm.nih.gov/24151290/,Diagnosis and treatment of,"Legro RS, Arslanian SA, Ehrmann DA, Hoeger KM, Murad MH, Pasquali R, Welt CK; Endocrine Society.",J Clin Endocrinol Metab. 2013 Dec;98(12):4565-92. doi: 10.1210/jc.2013-2350. Epub 2013 Oct 22.,J Clin Endocrinol Metab. 2013 Dec
ovarian cancer,18842102,https://pubmed.ncbi.nlm.nih.gov/18842102/,,"Cho KR, Shih IeM.",Annu Rev Pathol. 2009;4:287-313. doi: 10.1146/annurev.pathol.4.110807.092246.,Annu Rev Pathol. 2009
cervical cancer,12525422,https://pubmed.ncbi.nlm.nih.gov/12525422/,Human papillomavirus and,Burd EM.,Clin Microbiol Rev. 2003 Jan;16(1):1-17. doi: 10.1128/CMR.16.1.1-17.2003.,Clin Microbiol Rev. 2003 Jan
cervical cancer,31234354,https://pubmed.ncbi.nlm.nih.gov/31234354/,Human Papilloma Virus-Associated,"Olusola P, Banerjee HN, Philley JV, Dasgupta S.",Cells. 2019 Jun 21;8(6):622. doi: 10.3390/cells8060622.,Cells. 2019 Jun 21
cervical cancer,29693331,https://pubmed.ncbi.nlm.nih.gov/29693331/,Educational Interventions for,"Saei Ghare Naz M, Kariman N, Ebadi A, Ozgoli G, Ghasemi V, Rashidi Fakari F.",Asian Pac J Cancer Prev. 2018 Apr 25;19(4):875-884. doi: 10.22034/APJCP.2018.19.4.875.,Asian Pac J Cancer Prev. 2018 Apr 25
colon cancer,29632055,https://pubmed.ncbi.nlm.nih.gov/29632055/,NCCN Guidelines Insights:,"Benson AB, Venook AP, Al-Hawary MM, Cederquist L, Chen YJ, Ciombor KK, Cohen S, Cooper HS, Deming D, Engstrom PF, Garrido-Laguna I, Grem JL, Grothey A, Hochster HS, Hoffe S, Hunt S, Kamel A, Kirilcuk N, Krishnamurthi S, Messersmith WA, Meyerhardt J, Miller ED, Mulcahy MF, Murphy JD, Nurkin S, Saltz L, Sharma S, Shibata D, Skibber JM, Sofocleous CT, Stoffel EM, Stotsky-Himelfarb E, Willett CG, Wuthrick E, Gregory KM, Freedman-Cass DA.",J Natl Compr Canc Netw. 2018 Apr;16(4):359-369. doi: 10.6004/jnccn.2018.0021.,J Natl Compr Canc Netw. 2018 Apr
skin cancer,34065430,https://pubmed.ncbi.nlm.nih.gov/34065430/,,"Dildar M, Akram S, Irfan M, Khan HU, Ramzan M, Mahmood AR, Alsaiari SA, Saeed AHM, Alraddadi MO, Mahnashi MH.",Int J Environ Res Public Health. 2021 May 20;18(10):5479. doi: 10.3390/ijerph18105479.,Int J Environ Res Public Health. 2021 May 20
skin cancer,27539279,https://pubmed.ncbi.nlm.nih.gov/27539279/,Ultraviolet Radiation Exposure and Its Impact on,"Watson M, Holman DM, Maguire-Eisen M.",Semin Oncol Nurs. 2016 Aug;32(3):241-54. doi: 10.1016/j.soncn.2016.05.005. Epub 2016 Jul 29.,Semin Oncol Nurs. 2016 Aug
rectal cancer,27489505,https://pubmed.ncbi.nlm.nih.gov/27489505/,A Review of Neoadjuvant Chemoradiotherapy for Locally Advanced,"Li Y, Wang J, Ma X, Tan L, Yan Y, Xue C, Hui B, Liu R, Ma H, Ren J.",Int J Biol Sci. 2016 Jul 17;12(8):1022-31. doi: 10.7150/ijbs.15438. eCollection 2016.,Int J Biol Sci. 2016 Jul 17
rectal cancer,31063142,https://pubmed.ncbi.nlm.nih.gov/31063142/,Multiparametric MRI in,"Gürses B, Böge M, Altınmakas E, Balık E.",Diagn Interv Radiol. 2019 May;25(3):175-182. doi: 10.5152/dir.2019.18189.,Diagn Interv Radiol. 2019 May
rectal cancer,31073721,https://pubmed.ncbi.nlm.nih.gov/31073721/,Genetics of,"Mondaca S, Yaeger R.",Abdom Radiol (NY). 2019 Nov;44(11):3743-3750. doi: 10.1007/s00261-019-02051-x.,Abdom Radiol (NY). 2019 Nov
narcolepsy,30546103,https://pubmed.ncbi.nlm.nih.gov/30546103/,The neurobiological basis of,"Mahoney CE, Cogswell A, Koralnik IJ, Scammell TE.",Nat Rev Neurosci. 2019 Feb;20(2):83-93. doi: 10.1038/s41583-018-0097-x.,Nat Rev Neurosci. 2019 Feb
narcolepsy,33779983,https://pubmed.ncbi.nlm.nih.gov/33779983/,,"Hanin C, Arnulf I, Maranci JB, Lecendreux M, Levinson DF, Cohen D, Laurent-Levinson C.",Acta Psychiatr Scand. 2021 Jul;144(1):28-41. doi: 10.1111/acps.13300. Epub 2021 May 5.,Acta Psychiatr Scand. 2021 Jul
thyroid disease,36980259,https://pubmed.ncbi.nlm.nih.gov/36980259/,Molecular Mechanisms in Autoimmune,Vargas-Uricoechea H.,Cells. 2023 Mar 16;12(6):918. doi: 10.3390/cells12060918.,Cells. 2023 Mar 16
thyroid disease,36958843,https://pubmed.ncbi.nlm.nih.gov/36958843/,,"Yap YW, Onyekwelu E, Alam U.",Clin Med (Lond). 2023 Mar;23(2):125-128. doi: 10.7861/clinmed.2023-0018.,Clin Med (Lond). 2023 Mar
thyroid disease,37251685,https://pubmed.ncbi.nlm.nih.gov/37251685/,Dermatologic manifestations of,"Cohen B, Cadesky A, Jaggi S.",Front Endocrinol (Lausanne). 2023 May 12;14:1167890. doi: 10.3389/fendo.2023.1167890. eCollection 2023.,Front Endocrinol (Lausanne). 2023 May 12
goiter,28658344,https://pubmed.ncbi.nlm.nih.gov/28658344/,Substernal,"Rodrigues MG, Araujo VJF Filho, Matos LL, Hojaij FC, Simões CA, Araujo VJF Neto, Ramos DM, Mahmoud RL, Mosca LM, Manta GB, Volpi EM, Brandão LG, Cernea CR.",Arch Endocrinol Metab. 2017 Jul-Aug;61(4):348-353. doi: 10.1590/2359-3997000000266. Epub 2017 Jun 26.,Arch Endocrinol Metab. 2017 Jul-Aug
goiter,36207056,https://pubmed.ncbi.nlm.nih.gov/36207056/,Transcervical and robotic-assisted thoracoscopic resection of a substernal,"Wadhavkar N, Kontopidis I, Bollig C.",BMJ Case Rep. 2022 Oct 7;15(10):e250953. doi: 10.1136/bcr-2022-250953.,BMJ Case Rep. 2022 Oct 7
hashimoto's thyroiditis,33332019,https://pubmed.ncbi.nlm.nih.gov/33332019/,An update on the pathogenesis of,Weetman AP.,J Endocrinol Invest. 2021 May;44(5):883-890. doi: 10.1007/s40618-020-01477-1. Epub 2020 Dec 17.,J Endocrinol Invest. 2021 May
hashimoto's thyroiditis,38731922,https://pubmed.ncbi.nlm.nih.gov/38731922/,"Autoimmunity, New Potential Biomarkers and the Thyroid Gland-The Perspective of","Tywanek E, Michalak A, Świrska J, Zwolak A.",Int J Mol Sci. 2024 Apr 26;25(9):4703. doi: 10.3390/ijms25094703.,Int J Mol Sci. 2024 Apr 26
hashimoto's thyroiditis,36311599,https://pubmed.ncbi.nlm.nih.gov/36311599/,Global prevalence and epidemiological trends of,"Hu X, Chen Y, Shen Y, Tian R, Sheng Y, Que H.",Front Public Health. 2022 Oct 13;10:1020709. doi: 10.3389/fpubh.2022.1020709. eCollection 2022.,Front Public Health. 2022 Oct 13
addison's disease,14777902,https://pubmed.ncbi.nlm.nih.gov/14777902/,,SIMPSON SL.,Br Med J. 1950 Nov 18;2(4689):1164-6. doi: 10.1136/bmj.2.4689.1164.,Br Med J. 1950 Nov 18
addison's disease,34404673,https://pubmed.ncbi.nlm.nih.gov/34404673/,,"Tong CV, Ooi XY.",BMJ Case Rep. 2021 Aug 17;14(8):e245610. doi: 10.1136/bcr-2021-245610.,BMJ Case Rep. 2021 Aug 17
graves' disease,37152963,https://pubmed.ncbi.nlm.nih.gov/37152963/,,"Song Y, Wang X, Ma W, Yang Y, Yan S, Sun J, Zhu X, Tang Y.",Front Endocrinol (Lausanne). 2023 Apr 20;14:1162445. doi: 10.3389/fendo.2023.1162445. eCollection 2023.,Front Endocrinol (Lausanne). 2023 Apr 20
graves' disease,34928376,https://pubmed.ncbi.nlm.nih.gov/34928376/,,Rodien P.,J Clin Endocrinol Metab. 2022 Apr 19;107(5):e2186-e2187. doi: 10.1210/clinem/dgab909.,J Clin Endocrinol Metab. 2022 Apr 19
acromegaly,18578866,https://pubmed.ncbi.nlm.nih.gov/18578866/,,"Chanson P, Salenave S.",Orphanet J Rare Dis. 2008 Jun 25;3:17. doi: 10.1186/1750-1172-3-17.,Orphanet J Rare Dis. 2008 Jun 25
acromegaly,19884662,https://pubmed.ncbi.nlm.nih.gov/19884662/,,Melmed S.,J Clin Invest. 2009 Nov;119(11):3189-202. doi: 10.1172/JCI39375. Epub 2009 Nov 2.,J Clin Invest. 2009 Nov
acromegaly,31939489,https://pubmed.ncbi.nlm.nih.gov/31939489/,,"Jallad RS, Bronstein MD.",Arch Endocrinol Metab. 2019 Nov-Dec;63(6):638-645. doi: 10.20945/2359-3997000000194.,Arch Endocrinol Metab. 2019 Nov-Dec
cushing's syndrome,29754644,https://pubmed.ncbi.nlm.nih.gov/29754644/,,"Lodish MB, Keil MF, Stratakis CA.",Endocrinol Metab Clin North Am. 2018 Jun;47(2):451-462. doi: 10.1016/j.ecl.2018.02.008.,Endocrinol Metab Clin North Am. 2018 Jun
cushing's syndrome,33808529,https://pubmed.ncbi.nlm.nih.gov/33808529/,,"Paragliola RM, Corsello A, Papi G, Pontecorvi A, Corsello SM.",Int J Mol Sci. 2021 Mar 19;22(6):3131. doi: 10.3390/ijms22063131.,Int J Mol Sci. 2021 Mar 19
cushing's syndrome,25480800,https://pubmed.ncbi.nlm.nih.gov/25480800/,,"Raff H, Carroll T.",J Physiol. 2015 Feb 1;593(3):493-506. doi: 10.1113/jphysiol.2014.282871. Epub 2015 Jan 5.,J Physiol. 2015 Feb 1
cushing's syndrome,33967962,https://pubmed.ncbi.nlm.nih.gov/33967962/,Cyclic,"Świątkowska-Stodulska R, Berlińska A, Stefańska K, Kłosowski P, Sworczak K.",Front Endocrinol (Lausanne). 2021 Apr 22;12:658429. doi: 10.3389/fendo.2021.658429. eCollection 2021.,Front Endocrinol (Lausanne). 2021 Apr 22
pituitary tumor,36974474,https://pubmed.ncbi.nlm.nih.gov/36974474/,Approach to the Patient With Prolactinoma.,"Auriemma RS, Pirchio R, Pivonello C, Garifalos F, Colao A, Pivonello R.",J Clin Endocrinol Metab. 2023 Aug 18;108(9):2400-2423. doi: 10.1210/clinem/dgad174.,J Clin Endocrinol Metab. 2023 Aug 18
gigantism,40104235,https://pubmed.ncbi.nlm.nih.gov/40104235/,,"Malenica M, Trbojević T, Herceg S, Kukuruzović M, Šeparović I, Rotim N, Rotim K.",Acta Clin Croat. 2024 Oct;63(2):384-392. doi: 10.20471/acc.2024.63.02.15.,Acta Clin Croat. 2024 Oct
gigantism,26574647,https://pubmed.ncbi.nlm.nih.gov/26574647/,Pituitary,"Lodish MB, Trivellin G, Stratakis CA.",Curr Opin Endocrinol Diabetes Obes. 2016 Feb;23(1):72-80. doi: 10.1097/MED.0000000000000212.,Curr Opin Endocrinol Diabetes Obes. 2016 Feb
gigantism,32372673,https://pubmed.ncbi.nlm.nih.gov/32372673/,Potential markers of disease behavior in acromegaly and,Hernández-Ramírez LC.,Expert Rev Endocrinol Metab. 2020 May;15(3):171-183. doi: 10.1080/17446651.2020.1749048. Epub 2020 May 6.,Expert Rev Endocrinol Metab. 2020 May
sickle cell anemia,33471938,https://pubmed.ncbi.nlm.nih.gov/33471938/,,"Pace BS, Starlard-Davenport A, Kutlar A.",Br J Haematol. 2021 Jul;194(2):240-251. doi: 10.1111/bjh.17312. Epub 2021 Jan 20.,Br J Haematol. 2021 Jul
sickle cell anemia,4574352,https://pubmed.ncbi.nlm.nih.gov/4574352/,,Adeloye A.,Br Med J. 1973 May 5;2(5861):304. doi: 10.1136/bmj.2.5861.304.,Br Med J. 1973 May 5
sickle cell anemia,4570255,https://pubmed.ncbi.nlm.nih.gov/4570255/,,Gall H.,Br Med J. 1973 Feb 24;1(5851):488. doi: 10.1136/bmj.1.5851.488-a.,Br Med J. 1973 Feb 24
sickle cell anemia,4572035,https://pubmed.ncbi.nlm.nih.gov/4572035/,,Mamman I.,Br Med J. 1973 Apr 7;2(5857):54. doi: 10.1136/bmj.2.5857.54-b.,Br Med J. 1973 Apr 7
dwarfism,36980905,https://pubmed.ncbi.nlm.nih.gov/36980905/,Genomics of,"Perini F, Cendron F, Wu Z, Sevane N, Li Z, Huang C, Smith J, Lasagna E, Cassandro M, Penasa M.",Genes (Basel). 2023 Mar 3;14(3):633. doi: 10.3390/genes14030633.,Genes (Basel). 2023 Mar 3
hemophilia,31808868,https://pubmed.ncbi.nlm.nih.gov/31808868/,Gene therapy for,Nathwani AC.,Hematology Am Soc Hematol Educ Program. 2019 Dec 6;2019(1):1-8. doi: 10.1182/hematology.2019000007.,Hematology Am Soc Hematol Educ Program. 2019 Dec 6
hemophilia,33527471,https://pubmed.ncbi.nlm.nih.gov/33527471/,Principles of care for acquired,"Dolan G, Benson G, Bowyer A, Eichler H, Hermans C, Jiménez-Yuste V, Ljung R, Pollard D, Santagostino E, Šalek SZ.",Eur J Haematol. 2021 Jun;106(6):762-773. doi: 10.1111/ejh.13592. Epub 2021 Mar 18.,Eur J Haematol. 2021 Jun
thalassemia,37902424,https://pubmed.ncbi.nlm.nih.gov/37902424/,Cardiac complications in,Wood JC.,Ann N Y Acad Sci. 2023 Dec;1530(1):64-73. doi: 10.1111/nyas.15078. Epub 2023 Oct 30.,Ann N Y Acad Sci. 2023 Dec
myocardial infarction,37009192,https://pubmed.ncbi.nlm.nih.gov/37009192/,Arrhythmias After Acute,"Frampton J, Ortengren AR, Zeitler EP.",Yale J Biol Med. 2023 Mar 31;96(1):83-94. doi: 10.59249/LSWK8578. eCollection 2023 Mar.,Yale J Biol Med. 2023 Mar 31
myocardial infarction,37087452,https://pubmed.ncbi.nlm.nih.gov/37087452/,The global prevalence of,"Salari N, Morddarvanjoghi F, Abdolmaleki A, Rasoulpoor S, Khaleghi AA, Hezarkhani LA, Shohaimi S, Mohammadi M.",BMC Cardiovasc Disord. 2023 Apr 22;23(1):206. doi: 10.1186/s12872-023-03231-w.,BMC Cardiovasc Disord. 2023 Apr 22
arrhythmia,29875055,https://pubmed.ncbi.nlm.nih.gov/29875055/,,"Sossalla S, Vollmann D.",Dtsch Arztebl Int. 2018 May 11;115(19):335-341. doi: 10.3238/arztebl.2018.0335.,Dtsch Arztebl Int. 2018 May 11
arrhythmia,34669951,https://pubmed.ncbi.nlm.nih.gov/34669951/,Inherited,"Kim JA, Chelu MG.",Tex Heart Inst J. 2021 Sep 1;48(4):e207482. doi: 10.14503/THIJ-20-7482.,Tex Heart Inst J. 2021 Sep 1
atrial fibrillation,35008432,https://pubmed.ncbi.nlm.nih.gov/35008432/,,"Sagris M, Vardas EP, Theofilis P, Antonopoulos AS, Oikonomou E, Tousoulis D.",Int J Mol Sci. 2021 Dec 21;23(1):6. doi: 10.3390/ijms23010006.,Int J Mol Sci. 2021 Dec 21
atrial fibrillation,29627355,https://pubmed.ncbi.nlm.nih.gov/29627355/,,"Bosch NA, Cimini J, Walkey AJ.",Chest. 2018 Dec;154(6):1424-1434. doi: 10.1016/j.chest.2018.03.040. Epub 2018 Apr 6.,Chest. 2018 Dec
atrial fibrillation,33279945,https://pubmed.ncbi.nlm.nih.gov/33279945/,,"Andersen JH, Andreasen L, Olesen MS.",Eur J Hum Genet. 2021 Jul;29(7):1051-1060. doi: 10.1038/s41431-020-00784-8. Epub 2020 Dec 5.,Eur J Hum Genet. 2021 Jul
ventricular tachycardia,34104318,https://pubmed.ncbi.nlm.nih.gov/34104318/,Surgery for,Lawrie GM.,Methodist Debakey Cardiovasc J. 2021 Apr 5;17(1):36-42. doi: 10.14797/TESU5314. Epub 2021 Mar 25.,Methodist Debakey Cardiovasc J. 2021 Apr 5
pulmonary embolism,36143863,https://pubmed.ncbi.nlm.nih.gov/36143863/,Intermediate-Risk,"Machanahalli Balakrishna A, Reddi V, Belford PM, Alvarez M, Jaber WA, Zhao DX, Vallabhajosyula S.",Medicina (Kaunas). 2022 Aug 30;58(9):1186. doi: 10.3390/medicina58091186.,Medicina (Kaunas). 2022 Aug 30
pulmonary embolism,27913508,https://pubmed.ncbi.nlm.nih.gov/27913508/,Risk stratification and management of acute,"Becattini C, Agnelli G.",Hematology Am Soc Hematol Educ Program. 2016 Dec 2;2016(1):404-412. doi: 10.1182/asheducation-2016.1.404.,Hematology Am Soc Hematol Educ Program. 2016 Dec 2
cardiomyopathy,35617362,https://pubmed.ncbi.nlm.nih.gov/35617362/,Arrhythmias as Presentation of Genetic,"Lukas Laws J, Lancaster MC, Ben Shoemaker M, Stevenson WG, Hung RR, Wells Q, Marshall Brinkley D, Hughes S, Anderson K, Roden D, Stevenson LW.",Circ Res. 2022 May 27;130(11):1698-1722. doi: 10.1161/CIRCRESAHA.122.319835. Epub 2022 May 26.,Circ Res. 2022 May 27
cardiomyopathy,31308064,https://pubmed.ncbi.nlm.nih.gov/31308064/,,Schaufelberger M.,Heart. 2019 Oct;105(20):1543-1551. doi: 10.1136/heartjnl-2018-313476. Epub 2019 Jul 15.,Heart. 2019 Oct
heart failure,17699180,https://pubmed.ncbi.nlm.nih.gov/17699180/,Clinical epidemiology of,"Mosterd A, Hoes AW.",Heart. 2007 Sep;93(9):1137-46. doi: 10.1136/hrt.2003.025270.,Heart. 2007 Sep
heart failure,31997538,https://pubmed.ncbi.nlm.nih.gov/31997538/,Highlights in,"Tomasoni D, Adamo M, Lombardi CM, Metra M.",ESC Heart Fail. 2019 Dec;6(6):1105-1127. doi: 10.1002/ehf2.12555.,ESC Heart Fail. 2019 Dec
aortic aneurysm,34796717,https://pubmed.ncbi.nlm.nih.gov/34796717/,Vascular Smooth Muscle Cells in,"Lu H, Du W, Ren L, Hamblin MH, Becker RC, Chen YE, Fan Y.",J Am Heart Assoc. 2021 Dec 21;10(24):e023601. doi: 10.1161/JAHA.121.023601. Epub 2021 Nov 19.,J Am Heart Assoc. 2021 Dec 21
varicose veins,2182163,https://pubmed.ncbi.nlm.nih.gov/2182163/,,Campbell WB.,BMJ. 1990 Mar 24;300(6727):763-4. doi: 10.1136/bmj.300.6727.763-a.,BMJ. 1990 Mar 24
hemorrhoids,19445775,https://pubmed.ncbi.nlm.nih.gov/19445775/,,"Reese GE, von Roon AC, Tekkis PP.",BMJ Clin Evid. 2009 Jan 29;2009:0415.,BMJ Clin Evid. 2009 Jan 29
endocarditis,31941729,https://pubmed.ncbi.nlm.nih.gov/31941729/,Infective,"Rajani R, Klein JL.",Clin Med (Lond). 2020 Jan;20(1):31-35. doi: 10.7861/clinmed.cme.20.1.1.,Clin Med (Lond). 2020 Jan
endocarditis,37439685,https://pubmed.ncbi.nlm.nih.gov/37439685/,Fungal,"Thompson GR 3rd, Jenks JD, Baddley JW, Lewis JS 2nd, Egger M, Schwartz IS, Boyer J, Patterson TF, Chen SC, Pappas PG, Hoenigl M.",Clin Microbiol Rev. 2023 Sep 21;36(3):e0001923. doi: 10.1128/cmr.00019-23. Epub 2023 Jul 13.,Clin Microbiol Rev. 2023 Sep 21
endocarditis,35986339,https://pubmed.ncbi.nlm.nih.gov/35986339/,Infective,"Khaledi M, Sameni F, Afkhami H, Hemmati J, Asareh Zadegan Dezfuli A, Sanae MJ, Validi M.",J Cardiothorac Surg. 2022 Aug 19;17(1):185. doi: 10.1186/s13019-022-01932-5.,J Cardiothorac Surg. 2022 Aug 19
gallstones,28251162,https://pubmed.ncbi.nlm.nih.gov/28251162/,,"Li X, Guo X, Ji H, Yu G, Gao P.",Biomed Res Int. 2017;2017:9749802. doi: 10.1155/2017/9749802. Epub 2017 Jan 31.,Biomed Res Int. 2017
gallstones,37396166,https://pubmed.ncbi.nlm.nih.gov/37396166/,Higher visceral adiposity index was associated with an elevated prevalence of,"Zhang G, Ding Z, Yang J, Wang T, Tong L, Cheng J, Zhang C.",Front Endocrinol (Lausanne). 2023 Jun 15;14:1189553. doi: 10.3389/fendo.2023.1189553. eCollection 2023.,Front Endocrinol (Lausanne). 2023 Jun 15
gallstones,32234195,https://pubmed.ncbi.nlm.nih.gov/32234195/,The Treatment of,"Gutt C, Schläfer S, Lammert F.",Dtsch Arztebl Int. 2020 Feb 28;117(9):148-158. doi: 10.3238/arztebl.2020.0148.,Dtsch Arztebl Int. 2020 Feb 28
gallstones,24966598,https://pubmed.ncbi.nlm.nih.gov/24966598/,,Acalovschi M.,World J Gastroenterol. 2014 Jun 21;20(23):7277-85. doi: 10.3748/wjg.v20.i23.7277.,World J Gastroenterol. 2014 Jun 21
kidney stones,27188687,https://pubmed.ncbi.nlm.nih.gov/27188687/,,"Khan SR, Pearle MS, Robertson WG, Gambaro G, Canales BK, Doizi S, Traxer O, Tiselius HG.",Nat Rev Dis Primers. 2016 Feb 25;2:16008. doi: 10.1038/nrdp.2016.8.,Nat Rev Dis Primers. 2016 Feb 25
kidney stones,30478476,https://pubmed.ncbi.nlm.nih.gov/30478476/,Empiric therapy for,Goldfarb DS.,Urolithiasis. 2019 Feb;47(1):107-113. doi: 10.1007/s00240-018-1090-6. Epub 2018 Nov 26.,Urolithiasis. 2019 Feb
kidney stones,37124825,https://pubmed.ncbi.nlm.nih.gov/37124825/,Association between alcohol consumption and,"Zhou Z, Huang Z, Ai G, Guo X, Zeng G, Zhu W.",Front Public Health. 2023 Apr 14;11:1156097. doi: 10.3389/fpubh.2023.1156097. eCollection 2023.,Front Public Health. 2023 Apr 14
kidney stones,22466339,https://pubmed.ncbi.nlm.nih.gov/22466339/,Clinical review.,"Sakhaee K, Maalouf NM, Sinnott B.",J Clin Endocrinol Metab. 2012 Jun;97(6):1847-60. doi: 10.1210/jc.2011-3492. Epub 2012 Mar 30.,J Clin Endocrinol Metab. 2012 Jun
urinary tract infection,35211909,https://pubmed.ncbi.nlm.nih.gov/35211909/,[Complicated,Karwat MF.,MMW Fortschr Med. 2022 Mar;164(4):46-47. doi: 10.1007/s15006-022-0707-4.,MMW Fortschr Med. 2022 Mar
urinary tract infection,38686602,https://pubmed.ncbi.nlm.nih.gov/38686602/,"The Diagnosis, Treatment, and Prevention of Recurrent","Schmiemann G, Kranz J, Mandraka F, Schubert S, Wagenlehner F, Gágyor I.",Dtsch Arztebl Int. 2024 May 31;121(11):373-382. doi: 10.3238/arztebl.m2024.0068.,Dtsch Arztebl Int. 2024 May 31
urinary tract infection,32345639,https://pubmed.ncbi.nlm.nih.gov/32345639/,Advances in Understanding the Human,"Neugent ML, Hulyalkar NV, Nguyen VH, Zimmern PE, De Nisco NJ.",mBio. 2020 Apr 28;11(2):e00218-20. doi: 10.1128/mBio.00218-20.,mBio. 2020 Apr 28
urinary tract infection,31601143,https://pubmed.ncbi.nlm.nih.gov/31601143/,,"Dorsch R, Teichmann-Knorrn S, Sjetne Lund H.",J Feline Med Surg. 2019 Nov;21(11):1023-1038. doi: 10.1177/1098612X19880435. Epub 2019 Oct 10.,J Feline Med Surg. 2019 Nov
dialysis,37227937,https://pubmed.ncbi.nlm.nih.gov/37227937/,Pharmacokinetic Properties of Dapagliflozin in Hemodialysis and Peritoneal,"Barreto J, Borges C, Rodrigues TB, Jesus DC, Campos-Staffico AM, Nadruz W, Luiz da Costa J, Bueno de Oliveira R, Sposito AC.",Clin J Am Soc Nephrol. 2023 Aug 1;18(8):1051-1058. doi: 10.2215/CJN.0000000000000196. Epub 2023 May 25.,Clin J Am Soc Nephrol. 2023 Aug 1
dialysis,37166319,https://pubmed.ncbi.nlm.nih.gov/37166319/,Green,"Zawierucha J, Marcinkowski W, Prystacki T, Malyszko JS, Pyrza M, Zebrowski P, Malyszko J.",Kidney Blood Press Res. 2023;48(1):385-391. doi: 10.1159/000530439. Epub 2023 Apr 25.,Kidney Blood Press Res. 2023
dialysis,35650168,https://pubmed.ncbi.nlm.nih.gov/35650168/,Evidence on continuous flow peritoneal,"de Vries JC, van Gelder MK, Cappelli G, Bajo Rubio MA, Verhaar MC, Gerritsen KGF.",Semin Dial. 2022 Nov;35(6):481-497. doi: 10.1111/sdi.13097. Epub 2022 Jun 1.,Semin Dial. 2022 Nov
dialysis,38506130,https://pubmed.ncbi.nlm.nih.gov/38506130/,The Revival of Sorbents in Chronic,Kooman JP.,Semin Dial. 2025 Jan-Feb;38(1):54-61. doi: 10.1111/sdi.13203. Epub 2024 Mar 20.,Semin Dial. 2025 Jan-Feb
dialysis,31623578,https://pubmed.ncbi.nlm.nih.gov/31623578/,,"Ashby D, Borman N, Burton J, Corbett R, Davenport A, Farrington K, Flowers K, Fotheringham J, Andrea Fox RN, Franklin G, Gardiner C, Martin Gerrish RN, Greenwood S, Hothi D, Khares A, Koufaki P, Levy J, Lindley E, Macdonald J, Mafrici B, Mooney A, Tattersall J, Tyerman K, Villar E, Wilkie M.",BMC Nephrol. 2019 Oct 17;20(1):379. doi: 10.1186/s12882-019-1527-3.,BMC Nephrol. 2019 Oct 17
bladder cancer,34440955,https://pubmed.ncbi.nlm.nih.gov/34440955/,,"Dobruch J, Oszczudłowski M.",Medicina (Kaunas). 2021 Jul 24;57(8):749. doi: 10.3390/medicina57080749.,Medicina (Kaunas). 2021 Jul 24
bladder cancer,37028984,https://pubmed.ncbi.nlm.nih.gov/37028984/,,"Gaffney CD, Katims A, D'Souza N, Bjurlin MA, Matulewicz RS.",Eur Urol Focus. 2023 Jul;9(4):575-578. doi: 10.1016/j.euf.2023.03.017. Epub 2023 Apr 5.,Eur Urol Focus. 2023 Jul
