Class ID,Preferred Label,Synonyms,Definitions,Obsolete,CUI,Semantic Types,Parents,alternative label,Date,definition,http://data.bioontology.org/metadata/prefixIRI,http://purl.org/dc/elements/1.1/creator,http://purl.org/dc/elements/1.1/description,http://purl.org/dc/elements/1.1/title,http://www.w3.org/2000/01/rdf-schema#comment,http://www.w3.org/2000/01/rdf-schema#label,http://www.w3.org/2002/07/owl#deprecated
http://purl.jp/bio/11/csso/CSSO_000158,Lymphocytosis,リンパ球増加症|Increased blood lymphocyte number,A condition in which the number of lymphocytes increases above normal levels.,false,,,http://purl.jp/bio/11/csso/CSSO_000032,リンパ球増加症|Increased blood lymphocyte number,,A condition in which the number of lymphocytes increases above normal levels.,CSSO_000158,,,,,Lymphocytosis,
http://purl.jp/bio/11/csso/CSSO_000016,Ear symptom,耳の症状,,false,,,http://purl.jp/bio/11/csso/CSSO_000024,耳の症状,,,CSSO_000016,,,,,Ear symptom,
http://purl.jp/bio/11/csso/CSSO_000271,Hematemesis,吐血,Vomiting of bright red blood.,false,,,http://purl.jp/bio/11/csso/CSSO_000241,吐血,,Vomiting of bright red blood.,CSSO_000271,,,,,Hematemesis,
http://purl.jp/bio/11/csso/CSSO_000139,Jaundice,黄疸|Icteric|Jaundiced|Icterus,"A yellow discoloration of the skin, mucous membranes, and sclerae of the eyes caused by greater than normal amounts of bilirubin in the blood. ",false,,,http://purl.jp/bio/11/csso/CSSO_000043,黄疸|Icteric|Jaundiced|Icterus,,"A yellow discoloration of the skin, mucous membranes, and sclerae of the eyes caused by greater than normal amounts of bilirubin in the blood. ",CSSO_000139,,,,,Jaundice,
http://purl.jp/bio/11/csso/CSSO_000087,Chest pain,胸痛,,false,,,http://purl.jp/bio/11/csso/CSSO_000012,胸痛,,,CSSO_000087,,,,,Chest pain,
http://purl.jp/bio/11/csso/CSSO_000113,Erythema,紅斑|Hyperemia|Hyperaemia|Red skin,Redness of the skin.,false,,,http://purl.jp/bio/11/csso/CSSO_000011,紅斑|Hyperemia|Hyperaemia|Red skin,,Redness of the skin.,CSSO_000113,,,,,Erythema,
http://purl.jp/bio/11/csso/CSSO_000187,Poor feeding,食欲不振|Feeding poor,,false,,,http://purl.jp/bio/11/csso/CSSO_000020,食欲不振|Feeding poor,,,CSSO_000187,,,,,Poor feeding,
http://purl.jp/bio/11/csso/CSSO_000107,Dyspareunia,性交疼痛|Pain on intercourse|Coitalgia,Difficult or painful sexual intercourse.,false,,,http://purl.jp/bio/11/csso/CSSO_000300,性交疼痛|Pain on intercourse|Coitalgia,,Difficult or painful sexual intercourse.,CSSO_000107,,,,,Dyspareunia,
http://purl.jp/bio/11/csso/CSSO_000147,Leg pain,下肢痛,Pain in lower limb.,false,,,http://purl.jp/bio/11/csso/CSSO_000036,下肢痛,,Pain in lower limb.,CSSO_000147,,,,,Leg pain,
http://purl.jp/bio/11/csso/CSSO_000231,Trismus,開口障害|Lock jaw|Lockjaw,A prolonged tonic spasm of the muscles of the jaw. ,false,,,http://purl.jp/bio/11/csso/CSSO_000024,開口障害|Lock jaw|Lockjaw,,A prolonged tonic spasm of the muscles of the jaw. ,CSSO_000231,,,,,Trismus,
http://purl.jp/bio/11/csso/CSSO_000141,Joint stiffness,関節硬直|Stiff joint,"Pain on moving a joint, loss of range of motion, or reduced range of motion.",false,,,http://purl.jp/bio/11/csso/CSSO_000029,関節硬直|Stiff joint,,"Pain on moving a joint, loss of range of motion, or reduced range of motion.",CSSO_000141,,,,,Joint stiffness,
http://purl.jp/bio/11/csso/CSSO_000213,Stiff neck,頸部強直|Crick in neck|Neck stiffness,,false,,,http://purl.jp/bio/11/csso/CSSO_000037,頸部強直|Crick in neck|Neck stiffness,,,CSSO_000213,,,,,Stiff neck,
http://purl.jp/bio/11/csso/CSSO_000162,Meningismus,髄膜症|Meningism|Meningeal irritation,An abnormal condition characterized by irritation of the brain and spinal cord.,false,,,http://purl.jp/bio/11/csso/CSSO_000038,髄膜症|Meningism|Meningeal irritation,,An abnormal condition characterized by irritation of the brain and spinal cord.,CSSO_000162,,,,,Meningismus,
http://purl.jp/bio/11/csso/CSSO_000280,Scaling skin,皮膚剥離|Desquamation|Flaking skin|Peeling of skin|Peeling skin,The shedding of the outermost membrane or layer of a tissue.,false,,,http://purl.jp/bio/11/csso/CSSO_000043,皮膚剥離|Desquamation|Flaking skin|Peeling of skin|Peeling skin,,The shedding of the outermost membrane or layer of a tissue.,CSSO_000280,,,,,Scaling skin,
http://purl.jp/bio/11/csso/CSSO_000250,Conjunctivitis,結膜炎|Conjunctival inflammation,An inflammation or redness of the lining of the white part of the eye and the underside of the eyelid.,false,,,http://purl.jp/bio/11/csso/CSSO_000017,結膜炎|Conjunctival inflammation,,An inflammation or redness of the lining of the white part of the eye and the underside of the eyelid.,CSSO_000250,,,,,Conjunctivitis,
http://purl.jp/bio/11/csso/CSSO_000064,Arthritis,関節炎|Inflammatory disorder of joint,An inflammation of joints.,false,,,http://purl.jp/bio/11/csso/CSSO_000029,関節炎|Inflammatory disorder of joint,,An inflammation of joints.,CSSO_000064,,,,,Arthritis,
http://purl.jp/bio/11/csso/CSSO_000065,Ascites,腹水|Hydroperitoneum|Fluid in the abdomen|Hydroperitonia|Abdominal dropsy,An abnormal accumulation of fluid in the abdomen.,false,,,http://purl.jp/bio/11/csso/CSSO_000002,腹水|Hydroperitoneum|Fluid in the abdomen|Hydroperitonia|Abdominal dropsy,,An abnormal accumulation of fluid in the abdomen.,CSSO_000065,,,,,Ascites,
http://purl.jp/bio/11/csso/CSSO_000019,Feces symptom,便の症状,,false,,,http://purl.jp/bio/11/csso/CSSO_000001,便の症状,,,CSSO_000019,,,,,Feces symptom,
http://purl.jp/bio/11/csso/CSSO_000108,Dysphagia,嚥下障害|Difficulty in swallowing|Swallowing difficult,Difficulty in swallowing or inability to swallow. ,false,,,http://purl.jp/bio/11/csso/CSSO_000001,嚥下障害|Difficulty in swallowing|Swallowing difficult,,Difficulty in swallowing or inability to swallow. ,CSSO_000108,,,,,Dysphagia,
http://purl.jp/bio/11/csso/CSSO_000284,Opisthotonos,後弓反張,A state of extreme hyperextension of the body in which the head and heels are bent backward and the body bowed forward.,false,,,http://purl.jp/bio/11/csso/CSSO_000035,後弓反張,,A state of extreme hyperextension of the body in which the head and heels are bent backward and the body bowed forward.,CSSO_000284,,,,,Opisthotonos,
http://purl.jp/bio/11/csso/CSSO_000202,Septicemia,敗血症|Sepsis,A disease in which bacteria invades the bloodstream and circulates throughout the body.,false,,,http://purl.jp/bio/11/csso/CSSO_000026,敗血症|Sepsis,,A disease in which bacteria invades the bloodstream and circulates throughout the body.,CSSO_000202,,,,,Septicemia,
http://purl.jp/bio/11/csso/CSSO_000196,Relapsing fever,回帰熱|Recurrent fever,A fever where the body temperature periodically rises and falls.,false,,,http://purl.jp/bio/11/csso/CSSO_000121,回帰熱|Recurrent fever,,A fever where the body temperature periodically rises and falls.,CSSO_000196,,,,,Relapsing fever,
http://purl.jp/bio/11/csso/CSSO_000256,Eyelid tenderness,まぶたの圧痛,,false,,,http://purl.jp/bio/11/csso/CSSO_000018,まぶたの圧痛,,,CSSO_000256,,,,,Eyelid tenderness,
http://purl.jp/bio/11/csso/CSSO_000083,Breast tenderness,乳房圧痛|Tenderness of breast|Tender breasts,,false,,,http://purl.jp/bio/11/csso/CSSO_000048,乳房圧痛|Tenderness of breast|Tender breasts,,,CSSO_000083,,,,,Breast tenderness,
http://purl.jp/bio/11/csso/CSSO_000144,Joint warm,関節熱感,,false,,,http://purl.jp/bio/11/csso/CSSO_000029,関節熱感,,,CSSO_000144,,,,,Joint warm,
http://purl.jp/bio/11/csso/CSSO_000091,Confusion,錯乱|Bewilderment|Disorientation,"Impaired orientation with respect to time, place, or person.",false,,,http://purl.jp/bio/11/csso/CSSO_000059,錯乱|Bewilderment|Disorientation,,"Impaired orientation with respect to time, place, or person.",CSSO_000091,,,,,Confusion,
http://purl.jp/bio/11/csso/CSSO_000071,Blepharitis,眼瞼炎|Eyelid inflammation|Inflammation of lid margin|Inflammation of eyelid,Inflammation of the eyelids.,false,,,http://purl.jp/bio/11/csso/CSSO_000018,眼瞼炎|Eyelid inflammation|Inflammation of lid margin|Inflammation of eyelid,,Inflammation of the eyelids.,CSSO_000071,,,,,Blepharitis,
http://purl.jp/bio/11/csso/CSSO_000189,Proteinuria,蛋白尿|Albuminuria,The presence of protein in the urine exceeding normal levels.,false,,,http://purl.jp/bio/11/csso/CSSO_000050,蛋白尿|Albuminuria,,The presence of protein in the urine exceeding normal levels.,CSSO_000189,,,,,Proteinuria,
http://purl.jp/bio/11/csso/CSSO_000011,Change in skin color,皮膚の色の変化,,false,,,http://purl.jp/bio/11/csso/CSSO_000043,皮膚の色の変化,,,CSSO_000011,,,,,Change in skin color,
http://purl.jp/bio/11/csso/CSSO_000156,Lymphadenopathy,リンパ節腫脹|Swelling of lymph node|Swollen lymph glands|Enlargement of lymph nodes|Enlarged glands|Swollen lymph nodes,Any disorder characterized by a localized or generalized enlargement of the lymph nodes or lymph vessels.,false,,,http://purl.jp/bio/11/csso/CSSO_000032,リンパ節腫脹|Swelling of lymph node|Swollen lymph glands|Enlargement of lymph nodes|Enlarged glands|Swollen lymph nodes,,Any disorder characterized by a localized or generalized enlargement of the lymph nodes or lymph vessels.,CSSO_000156,,,,,Lymphadenopathy,
http://purl.jp/bio/11/csso/CSSO_000125,Gum pain,歯肉痛|Gingivalgia|Sore gums|Painful gums|Gingival pain,,false,,,http://purl.jp/bio/11/csso/CSSO_000034,歯肉痛|Gingivalgia|Sore gums|Painful gums|Gingival pain,,,CSSO_000125,,,,,Gum pain,
http://purl.jp/bio/11/csso/CSSO_000100,Desquamation,落屑|Changes in skin texture|Peeling of skin|Scaling of skin|Desquamation of skin,Shedding of the cells lining the insides of the air sacs.,false,,,http://purl.jp/bio/11/csso/CSSO_000043,落屑|Changes in skin texture|Peeling of skin|Scaling of skin|Desquamation of skin,,Shedding of the cells lining the insides of the air sacs.,CSSO_000100,,,,,Desquamation,
http://purl.jp/bio/11/csso/CSSO_000001,Abdomen and digestive system symptom,腹部および消化器の症状,,false,,,http://purl.jp/bio/11/csso/CSSO_000010,腹部および消化器の症状,,,CSSO_000001,,,,,Abdomen and digestive system symptom,
http://purl.jp/bio/11/csso/CSSO_000190,Pyuria,膿尿|Pus cells in urine,The presence of an excessive number of white blood cells in the urine.,false,,,http://purl.jp/bio/11/csso/CSSO_000050,膿尿|Pus cells in urine,,The presence of an excessive number of white blood cells in the urine.,CSSO_000190,,,,,Pyuria,
http://purl.jp/bio/11/csso/CSSO_000056,Abdominal pain,腹痛|Abdominal pains,"Acute or chronic, localized or diffuse pain in the abdominal cavity.",false,,,http://purl.jp/bio/11/csso/CSSO_000002,腹痛|Abdominal pains,,"Acute or chronic, localized or diffuse pain in the abdominal cavity.",CSSO_000056,,,,,Abdominal pain,
http://purl.jp/bio/11/csso/CSSO_000057,Abdominal tenderness,腹部圧痛,,false,,,http://purl.jp/bio/11/csso/CSSO_000002,腹部圧痛,,,CSSO_000057,,,,,Abdominal tenderness,
http://purl.jp/bio/11/csso/CSSO_000220,Swallowing painful,嚥下痛|Pain on swallowing|Odynophagia|Painful swallowing,A dysphagia in which swallowing causes pain.,false,,,http://purl.jp/bio/11/csso/CSSO_000108,嚥下痛|Pain on swallowing|Odynophagia|Painful swallowing,,A dysphagia in which swallowing causes pain.,CSSO_000220,,,,,Swallowing painful,
http://purl.jp/bio/11/csso/CSSO_000222,Tachypnea,呼吸数増加|Increased respiratory rate|Rapid breathing|Tachypnoea|Rapid respiration,An abnormally rapid rate of breathing,false,,,http://purl.jp/bio/11/csso/CSSO_000005,呼吸数増加|Increased respiratory rate|Rapid breathing|Tachypnoea|Rapid respiration,,An abnormally rapid rate of breathing,CSSO_000222,,,,,Tachypnea,
http://purl.jp/bio/11/csso/CSSO_000208,Skin ulcer,皮膚潰瘍|Cutaneous ulcer|Ulcer of skin,"A skin lesion characterized as a break in skin with loss of surface tissue, disintegration and necrosis of epithelial tissue, and often pus.",false,,,http://purl.jp/bio/11/csso/CSSO_000207,皮膚潰瘍|Cutaneous ulcer|Ulcer of skin,,"A skin lesion characterized as a break in skin with loss of surface tissue, disintegration and necrosis of epithelial tissue, and often pus.",CSSO_000208,,,,,Skin ulcer,
http://purl.jp/bio/11/csso/CSSO_000137,Irritability,易刺激性|Feeling irritable|Irritable mood|Inconsolability,A condition of abnormal excitability or sensitivity.,false,,,http://purl.jp/bio/11/csso/CSSO_000014,易刺激性|Feeling irritable|Irritable mood|Inconsolability,,A condition of abnormal excitability or sensitivity.,CSSO_000137,,,,,Irritability,
http://purl.jp/bio/11/csso/CSSO_000182,Phlegm,痰|Upper respiratory tract mucus,Thick mucus secreted by the tissues lining the airways of the lungs.,false,,,http://purl.jp/bio/11/csso/CSSO_000041,痰|Upper respiratory tract mucus,,Thick mucus secreted by the tissues lining the airways of the lungs.,CSSO_000182,,,,,Phlegm,
http://purl.jp/bio/11/csso/CSSO_000040,Reproductive system and breast symptom,生殖システムおよび乳房の症状,,false,,,http://purl.jp/bio/11/csso/CSSO_000010,生殖システムおよび乳房の症状,,,CSSO_000040,,,,,Reproductive system and breast symptom,
http://purl.jp/bio/11/csso/CSSO_000180,Paresthesia,錯感覚|Paraesthesia,"An altered sensation often described as burning, tingling, or pin pricks.",false,,,http://purl.jp/bio/11/csso/CSSO_000042,錯感覚|Paraesthesia,,"An altered sensation often described as burning, tingling, or pin pricks.",CSSO_000180,,,,,Paresthesia,
http://purl.jp/bio/11/csso/CSSO_000076,Bloody stool,血便排泄|Blood in feces|Hematochezia|Haematochezia|Blood in stool,Blood in the feces.,false,,,http://purl.jp/bio/11/csso/CSSO_000019,血便排泄|Blood in feces|Hematochezia|Haematochezia|Blood in stool,,Blood in the feces.,CSSO_000076,,,,,Bloody stool,
http://purl.jp/bio/11/csso/CSSO_000097,Deep abscess,深部膿瘍|Deep abscesses,,false,,,http://purl.jp/bio/11/csso/CSSO_000058,深部膿瘍|Deep abscesses,,,CSSO_000097,,,,,Deep abscess,
http://purl.jp/bio/11/csso/CSSO_000291,Uterine tenderness,子宮圧痛|Tender body of uterus,,false,,,http://purl.jp/bio/11/csso/CSSO_000300,子宮圧痛|Tender body of uterus,,,CSSO_000291,,,,,Uterine tenderness,
http://purl.jp/bio/11/csso/CSSO_000223,Teary eye,涙目|Runny eye,,false,,,http://purl.jp/bio/11/csso/CSSO_000017,涙目|Runny eye,,,CSSO_000223,,,,,Teary eye,
http://purl.jp/bio/11/csso/CSSO_000293,Redness gum,歯肉発赤|Gum redness,,false,,,http://purl.jp/bio/11/csso/CSSO_000034,歯肉発赤|Gum redness,,,CSSO_000293,,,,,Redness gum,
http://purl.jp/bio/11/csso/CSSO_000072,Blindness,失明,The absence of sight. ,false,,,http://purl.jp/bio/11/csso/CSSO_000052,失明,,The absence of sight. ,CSSO_000072,,,,,Blindness,
http://purl.jp/bio/11/csso/CSSO_000273,Polyuria,多尿,Excessive secretion of urine.,false,,,http://purl.jp/bio/11/csso/CSSO_000050,多尿,,Excessive secretion of urine.,CSSO_000273,,,,,Polyuria,
http://purl.jp/bio/11/csso/CSSO_000063,Apnea,無呼吸|Apnoea|Not breathing,The temporary absence of breathing. ,false,,,http://purl.jp/bio/11/csso/CSSO_000005,無呼吸|Apnoea|Not breathing,,The temporary absence of breathing. ,CSSO_000063,,,,,Apnea,
http://purl.jp/bio/11/csso/CSSO_000275,Polyphagia,過食症|Hyperphagia|Excessive eating,Excessive desire to eat.,false,,,http://purl.jp/bio/11/csso/CSSO_000020,過食症|Hyperphagia|Excessive eating,,Excessive desire to eat.,CSSO_000275,,,,,Polyphagia,
http://purl.jp/bio/11/csso/CSSO_000235,Vaginal bleeding,膣からの出血|Abnormal vaginal bleeding,An abnormal condition in which blood is passed from the vagina other than during the menses. ,false,,,http://purl.jp/bio/11/csso/CSSO_000300,膣からの出血|Abnormal vaginal bleeding,,An abnormal condition in which blood is passed from the vagina other than during the menses. ,CSSO_000235,,,,,Vaginal bleeding,
http://purl.jp/bio/11/csso/CSSO_000214,Stillbirth,死産,The death of a fetus at any time after the twentieth week of pregnancy. ,false,,,http://purl.jp/bio/11/csso/CSSO_000040,死産,,The death of a fetus at any time after the twentieth week of pregnancy. ,CSSO_000214,,,,,Stillbirth,
http://purl.jp/bio/11/csso/CSSO_000155,Lymphadenitis,リンパ節炎|Inflammation of lymph node|Adenitis,An inflammation of a lymph node.,false,,,http://purl.jp/bio/11/csso/CSSO_000032,リンパ節炎|Inflammation of lymph node|Adenitis,,An inflammation of a lymph node.,CSSO_000155,,,,,Lymphadenitis,
http://purl.jp/bio/11/csso/CSSO_000046,Spleen symptom,膵臓の症状,,false,,,http://purl.jp/bio/11/csso/CSSO_000027,膵臓の症状,,,CSSO_000046,,,,,Spleen symptom,
http://purl.jp/bio/11/csso/CSSO_000166,Muscle weakness,筋力低下|Decreased muscle strength|Incomplete paralysis,,false,,,http://purl.jp/bio/11/csso/CSSO_000035,筋力低下|Decreased muscle strength|Incomplete paralysis,,,CSSO_000166,,,,,Muscle weakness,
http://purl.jp/bio/11/csso/CSSO_000013,Circulatory system symptom,循環システムの症状,,false,,,http://purl.jp/bio/11/csso/CSSO_000010,循環システムの症状,,,CSSO_000013,,,,,Circulatory system symptom,
http://purl.jp/bio/11/csso/CSSO_000042,Sensory disturbance,感覚異常|Sensory disorder,,false,,,http://purl.jp/bio/11/csso/CSSO_000038,感覚異常|Sensory disorder,,,CSSO_000042,,,,,Sensory disturbance,
http://purl.jp/bio/11/csso/CSSO_000153,Low back pain,腰痛|Lumbago|Low backache,Pain in the lumbar region.,false,,,http://purl.jp/bio/11/csso/CSSO_000067,腰痛|Lumbago|Low backache,,Pain in the lumbar region.,CSSO_000153,,,,,Low back pain,
http://purl.jp/bio/11/csso/CSSO_000186,Pneumonia,肺炎,An infection of the lung that can be caused by nearly any class of organism known to cause human infections. ,false,,,http://purl.jp/bio/11/csso/CSSO_000012,肺炎,,An infection of the lung that can be caused by nearly any class of organism known to cause human infections. ,CSSO_000186,,,,,Pneumonia,
http://purl.jp/bio/11/csso/CSSO_000093,Constipation,便秘|Costiveness|Difficult passing motion|Difficulty defecating,"An acute or chronic condition in which bowel movements occur less often than usual or consist of hard, dry stools that are painful or difficult to pass. ",false,,,http://purl.jp/bio/11/csso/CSSO_000019,便秘|Costiveness|Difficult passing motion|Difficulty defecating,,"An acute or chronic condition in which bowel movements occur less often than usual or consist of hard, dry stools that are painful or difficult to pass. ",CSSO_000093,,,,,Constipation,
http://purl.jp/bio/11/csso/CSSO_000239,Vertigo,めまい|Rotatory vertigo|Rotary vertigo,"A sensation of instability, giddiness, loss of equilibrium, or rotation, caused by a disturbance in the semicircular canal of the inner ear or the vestibular nuclei of the brainstem. ",false,,,http://purl.jp/bio/11/csso/CSSO_000104,めまい|Rotatory vertigo|Rotary vertigo,,"A sensation of instability, giddiness, loss of equilibrium, or rotation, caused by a disturbance in the semicircular canal of the inner ear or the vestibular nuclei of the brainstem. ",CSSO_000239,,,,,Vertigo,
http://purl.jp/bio/11/csso/CSSO_000102,Diarrhea,下痢|Diarrhoea|Loose bowel movement|Loose bowel motions,Excessive and frequent evacuation of watery feces.,false,,,http://purl.jp/bio/11/csso/CSSO_000019,下痢|Diarrhoea|Loose bowel movement|Loose bowel motions,,Excessive and frequent evacuation of watery feces.,CSSO_000102,,,,,Diarrhea,
http://purl.jp/bio/11/csso/CSSO_000008,Alteration of consciousness,意識異常|Disturbance of consciousness|Altered consciousness,,false,,,http://purl.jp/bio/11/csso/CSSO_000014,意識異常|Disturbance of consciousness|Altered consciousness,,,CSSO_000008,,,,,Alteration of consciousness,
http://purl.jp/bio/11/csso/CSSO_000163,Multiple organ failure,多臓器不全|Multiple system failure|Multi-organ failure,Failure of two or more organ systems in a critically ill patient.,false,,,http://purl.jp/bio/11/csso/CSSO_000022,多臓器不全|Multiple system failure|Multi-organ failure,,Failure of two or more organ systems in a critically ill patient.,CSSO_000163,,,,,Multiple organ failure,
http://purl.jp/bio/11/csso/CSSO_000188,Prostration,疲はい|Extreme exhaustion,Extreme exhaustion or lack of energy or power.,false,,,http://purl.jp/bio/11/csso/CSSO_000022,疲はい|Extreme exhaustion,,Extreme exhaustion or lack of energy or power.,CSSO_000188,,,,,Prostration,
http://purl.jp/bio/11/csso/CSSO_000210,Spontaneous abortion,自然流産|Miscarriage,A naturally occurring termination of a pregnancy.,false,,,http://purl.jp/bio/11/csso/CSSO_000007,自然流産|Miscarriage,,A naturally occurring termination of a pregnancy.,CSSO_000210,,,,,Spontaneous abortion,
http://purl.jp/bio/11/csso/CSSO_000053,Weakness,衰弱|Lassitude|Debility,"A condition of being feeble, fragile, frail, or decrepit or lacking physical strength, energy, or vigor.",false,,,http://purl.jp/bio/11/csso/CSSO_000022,衰弱|Lassitude|Debility,,"A condition of being feeble, fragile, frail, or decrepit or lacking physical strength, energy, or vigor.",CSSO_000053,,,,,Weakness,
http://purl.jp/bio/11/csso/CSSO_000193,Rectal pain,直腸痛|Proctalgia|Pain in rectum|Rectalgia,,false,,,http://purl.jp/bio/11/csso/CSSO_000021,直腸痛|Proctalgia|Pain in rectum|Rectalgia,,,CSSO_000193,,,,,Rectal pain,
http://purl.jp/bio/11/csso/CSSO_000140,Joint pain,関節痛|Articular pain|Arthralgia|Aching joints,Pain in a joint.,false,,,http://purl.jp/bio/11/csso/CSSO_000029,関節痛|Articular pain|Arthralgia|Aching joints,,Pain in a joint.,CSSO_000140,,,,,Joint pain,
http://purl.jp/bio/11/csso/CSSO_000121,Fever,熱|Pyrexia|Febrile,An abnormally high body temperature.,false,,,http://purl.jp/bio/11/csso/CSSO_000022,熱|Pyrexia|Febrile,,An abnormally high body temperature.,CSSO_000121,,,,,Fever,
http://purl.jp/bio/11/csso/CSSO_000052,Visual symptom,Vision disorder|視覚の症状,,false,,,http://purl.jp/bio/11/csso/CSSO_000017,Vision disorder|視覚の症状,,,CSSO_000052,,,,,Visual symptom,
http://purl.jp/bio/11/csso/CSSO_000167,Myalgia,筋肉痛|Muscle ache|Muscle pain,Muscular pain or tenderness.,false,,,http://purl.jp/bio/11/csso/CSSO_000035,筋肉痛|Muscle ache|Muscle pain,,Muscular pain or tenderness.,CSSO_000167,,,,,Myalgia,
http://purl.jp/bio/11/csso/CSSO_000254,Double vision,複視|Diplopia,The medical term for seeing double.,false,,,http://purl.jp/bio/11/csso/CSSO_000052,複視|Diplopia,,The medical term for seeing double.,CSSO_000254,,,,,Double vision,
http://purl.jp/bio/11/csso/CSSO_000128,Hemolytic anemia,溶血性貧血|Hemolytic anaemia,A disorder in which the red blood cells are destroyed prematurely.,false,,,http://purl.jp/bio/11/csso/CSSO_000060,溶血性貧血|Hemolytic anaemia,,A disorder in which the red blood cells are destroyed prematurely.,CSSO_000128,,,,,Hemolytic anemia,
http://purl.jp/bio/11/csso/CSSO_000242,Warm skin,皮膚熱感,,false,,,http://purl.jp/bio/11/csso/CSSO_000043,皮膚熱感,,,CSSO_000242,,,,,Warm skin,
http://purl.jp/bio/11/csso/CSSO_000301,Change in bowel habit,排便習慣の変化|Altered bowel function,"A change in the time, size, amount, or frequency of bowel movements.",false,,,http://purl.jp/bio/11/csso/CSSO_000019,排便習慣の変化|Altered bowel function,,"A change in the time, size, amount, or frequency of bowel movements.",CSSO_000301,,,,,Change in bowel habit,
http://purl.jp/bio/11/csso/CSSO_000241,Vomiting,嘔吐|Emesis|Vomit,A forceful emptying or throwing up of the stomach contents through the mouth. It can include the complete inability to hold fluids or food in the stomach.,false,,,http://purl.jp/bio/11/csso/CSSO_000001,嘔吐|Emesis|Vomit,,A forceful emptying or throwing up of the stomach contents through the mouth. It can include the complete inability to hold fluids or food in the stomach.,CSSO_000241,,,,,Vomiting,
http://purl.jp/bio/11/csso/CSSO_000146,Leg cramp,下肢痙攣|Leg cramps|Muscle cramps in leg,,false,,,http://purl.jp/bio/11/csso/CSSO_000164,下肢痙攣|Leg cramps|Muscle cramps in leg,,,CSSO_000146,,,,,Leg cramp,
http://purl.jp/bio/11/csso/CSSO_000073,Blister,水疱|Blisters|Bleb|Blistering|Bulla,"A vesicle or bulla of the skin, containing watery matter or serum.",false,,,http://purl.jp/bio/11/csso/CSSO_000043,水疱|Blisters|Bleb|Blistering|Bulla,,"A vesicle or bulla of the skin, containing watery matter or serum.",CSSO_000073,,,,,Blister,
http://purl.jp/bio/11/csso/CSSO_000070,Bleeding,出血|Hemorrhage,Escape of blood from an injured vessel.,false,,,http://purl.jp/bio/11/csso/CSSO_000022,出血|Hemorrhage,,Escape of blood from an injured vessel.,CSSO_000070,,,,,Bleeding,
http://purl.jp/bio/11/csso/CSSO_000112,Edema,浮腫|Oedema|Dropsy,A condition of abnormally large fluid volume in the circulatory system or in tissues between the body's cells.,false,,,http://purl.jp/bio/11/csso/CSSO_000043,浮腫|Oedema|Dropsy,,A condition of abnormally large fluid volume in the circulatory system or in tissues between the body's cells.,CSSO_000112,,,,,Edema,
http://purl.jp/bio/11/csso/CSSO_000234,Urinary urgency,尿意切迫|Urgency of micturition|Urgency of urination|Urgent desire to urinate,The sudden need to urinate.,false,,,http://purl.jp/bio/11/csso/CSSO_000050,尿意切迫|Urgency of micturition|Urgency of urination|Urgent desire to urinate,,The sudden need to urinate.,CSSO_000234,,,,,Urinary urgency,
http://purl.jp/bio/11/csso/CSSO_000009,Blood abnormality,血液異常,,false,,,http://purl.jp/bio/11/csso/CSSO_000026,血液異常,,,CSSO_000009,,,,,Blood abnormality,
http://purl.jp/bio/11/csso/CSSO_000221,Tachycardia,頻脈|Heart rate fast|Rapid hear beat|Increased heart rate,"Abnormally rapid heart rate, especially above 100 beats per minute in adults. ",false,,,http://purl.jp/bio/11/csso/CSSO_000006,頻脈|Heart rate fast|Rapid hear beat|Increased heart rate,,"Abnormally rapid heart rate, especially above 100 beats per minute in adults. ",CSSO_000221,,,,,Tachycardia,
http://purl.jp/bio/11/csso/CSSO_000124,Bleeding gums,歯肉出血|Gum bleeding|Gingival hemorrhage|Gingival bleeding|Gingival haemorrhage,Gum bleeding is a mouth symptom characterized by a copious discharge of blood from the blood vessels of the mucosal tissue that lies over the alveolar bone.,false,,,http://purl.jp/bio/11/csso/CSSO_000033,歯肉出血|Gum bleeding|Gingival hemorrhage|Gingival bleeding|Gingival haemorrhage,,Gum bleeding is a mouth symptom characterized by a copious discharge of blood from the blood vessels of the mucosal tissue that lies over the alveolar bone.,CSSO_000124,,,,,Bleeding gums,
http://purl.jp/bio/11/csso/CSSO_000014,"Cognition, perception, emotional state and behavior system symptom",視覚、知覚、感情の状態および行動症状,,false,,,http://purl.jp/bio/11/csso/CSSO_000010,視覚、知覚、感情の状態および行動症状,,,CSSO_000014,,,,,"Cognition, perception, emotional state and behavior system symptom",
http://purl.jp/bio/11/csso/CSSO_000003,Abnormal behavior,異常行動|Strange behavior,Behavior that deviates from what is commonly accepted by a group or society.,false,,,http://purl.jp/bio/11/csso/CSSO_000014,異常行動|Strange behavior,,Behavior that deviates from what is commonly accepted by a group or society.,CSSO_000003,,,,,Abnormal behavior,
http://purl.jp/bio/11/csso/CSSO_000038,Nervous system symptom,神経システムの症状,,false,,,http://purl.jp/bio/11/csso/CSSO_000010,神経システムの症状,,,CSSO_000038,,,,,Nervous system symptom,
http://purl.jp/bio/11/csso/CSSO_000004,Abnormal blood pressure,血圧異常,,false,,,http://purl.jp/bio/11/csso/CSSO_000013,血圧異常,,,CSSO_000004,,,,,Abnormal blood pressure,
http://purl.jp/bio/11/csso/CSSO_000054,Abdominal cramp,腹部疝痛|Stomach cramps|Abdominal cramps|Stomach cramp,,false,,,http://purl.jp/bio/11/csso/CSSO_000002,腹部疝痛|Stomach cramps|Abdominal cramps|Stomach cramp,,,CSSO_000054,,,,,Abdominal cramp,
http://purl.jp/bio/11/csso/CSSO_000164,Muscle cramp,筋痙攣|Cramp|Muscle cramps,A sudden intermittent pain in almost any part of the body.,false,,,http://purl.jp/bio/11/csso/CSSO_000035,筋痙攣|Cramp|Muscle cramps,,A sudden intermittent pain in almost any part of the body.,CSSO_000164,,,,,Muscle cramp,
http://purl.jp/bio/11/csso/CSSO_000217,Swelling of breast,乳房腫脹|Breast swelling,,false,,,http://purl.jp/bio/11/csso/CSSO_000048,乳房腫脹|Breast swelling,,,CSSO_000217,,,,,Swelling of breast,
http://purl.jp/bio/11/csso/CSSO_000200,Seizure,Convulsion|発作|Seizures,"A sudden attack, spasm, or convulsion.",false,,,http://purl.jp/bio/11/csso/CSSO_000038,Convulsion|発作|Seizures,,"A sudden attack, spasm, or convulsion.",CSSO_000200,,,,,Seizure,
http://purl.jp/bio/11/csso/CSSO_000086,Cellulitis,蜂巣炎,A spreading inflammation of subcutaneous or connective tissue.,false,,,http://purl.jp/bio/11/csso/CSSO_000036,蜂巣炎,,A spreading inflammation of subcutaneous or connective tissue.,CSSO_000086,,,,,Cellulitis,
http://purl.jp/bio/11/csso/CSSO_000118,Facial swelling,顔面腫脹|Swollen face,,false,,,http://purl.jp/bio/11/csso/CSSO_000024,顔面腫脹|Swollen face,,,CSSO_000118,,,,,Facial swelling,
http://purl.jp/bio/11/csso/CSSO_000119,Fatigue,疲労|Weariness|Tiredness|Lassitude,"Physical and/or mental exhaustion that can be triggered by stress, medication, overwork, or mental and physical illness or disease.",false,,,http://purl.jp/bio/11/csso/CSSO_000022,疲労|Weariness|Tiredness|Lassitude,,"Physical and/or mental exhaustion that can be triggered by stress, medication, overwork, or mental and physical illness or disease.",CSSO_000119,,,,,Fatigue,
http://purl.jp/bio/11/csso/CSSO_000262,Suppurative inflammation,化膿性炎症|Purulent inflammation,An inflammation that is accompanied by the formation of pus.,false,,,http://purl.jp/bio/11/csso/CSSO_000136,化膿性炎症|Purulent inflammation,,An inflammation that is accompanied by the formation of pus.,CSSO_000262,,,,,Suppurative inflammation,
http://purl.jp/bio/11/csso/CSSO_000246,Nutritional deficiency,栄養不足|Dietary deficiency|Undernutrition|Malnutrition,"A condition of the body that does not get the right amount of the vitamins, minerals, and other nutrients it needs to maintain healthy tissues and organ function.",false,,,http://purl.jp/bio/11/csso/CSSO_000020,栄養不足|Dietary deficiency|Undernutrition|Malnutrition,,"A condition of the body that does not get the right amount of the vitamins, minerals, and other nutrients it needs to maintain healthy tissues and organ function.",CSSO_000246,,,,,Nutritional deficiency,
http://purl.jp/bio/11/csso/CSSO_000103,Discharge from penis,陰茎分泌物|Penile discharge,,false,,,http://purl.jp/bio/11/csso/CSSO_000300,陰茎分泌物|Penile discharge,,,CSSO_000103,,,,,Discharge from penis,
http://purl.jp/bio/11/csso/CSSO_000205,Shock,ショック|Circulatory collapse|Circulatory failure,A medical emergency in which the organs and tissues of the body are not receiving an adequate flow of blood. ,false,,,http://purl.jp/bio/11/csso/CSSO_000022,ショック|Circulatory collapse|Circulatory failure,,A medical emergency in which the organs and tissues of the body are not receiving an adequate flow of blood. ,CSSO_000205,,,,,Shock,
http://purl.jp/bio/11/csso/CSSO_000251,Decreased urination,排尿減少,,false,,,http://purl.jp/bio/11/csso/CSSO_000050,排尿減少,,,CSSO_000251,,,,,Decreased urination,
http://purl.jp/bio/11/csso/CSSO_000050,Urinary system symptom,泌尿システムの症状,,false,,,http://purl.jp/bio/11/csso/CSSO_000010,泌尿システムの症状,,,CSSO_000050,,,,,Urinary system symptom,
http://purl.jp/bio/11/csso/CSSO_000282,Scrotal swelling,陰嚢腫脹|Scrotum swelling|Swelling of scrotum,,false,,,http://purl.jp/bio/11/csso/CSSO_000300,陰嚢腫脹|Scrotum swelling|Swelling of scrotum,,,CSSO_000282,,,,,Scrotal swelling,
http://purl.jp/bio/11/csso/CSSO_000243,Watery diarrhea,水性下痢|Watery diarrhoea,,false,,,http://purl.jp/bio/11/csso/CSSO_000102,水性下痢|Watery diarrhoea,,,CSSO_000243,,,,,Watery diarrhea,
http://purl.jp/bio/11/csso/CSSO_000027,Immune system symptom,免疫システムの症状,,false,,,http://purl.jp/bio/11/csso/CSSO_000010,免疫システムの症状,,,CSSO_000027,,,,,Immune system symptom,
http://purl.jp/bio/11/csso/CSSO_000209,Splenomegaly,脾腫|Large spleen|Enlargement of spleen|Enlarged spleen,Enlargement of the spleen.,false,,,http://purl.jp/bio/11/csso/CSSO_000046,脾腫|Large spleen|Enlargement of spleen|Enlarged spleen,,Enlargement of the spleen.,CSSO_000209,,,,,Splenomegaly,
http://purl.jp/bio/11/csso/CSSO_000122,Gallbladder pain,胆嚢痛,,false,,,http://purl.jp/bio/11/csso/CSSO_000002,胆嚢痛,,,CSSO_000122,,,,,Gallbladder pain,
http://purl.jp/bio/11/csso/CSSO_000296,Purulent sputum,膿性痰|Sputum purulent,"Sputum that contains pus, composed of white blood cells, cellular debris, dead tissue, serous fluid and viscous liquid.",false,,,http://purl.jp/bio/11/csso/CSSO_000211,膿性痰|Sputum purulent,,"Sputum that contains pus, composed of white blood cells, cellular debris, dead tissue, serous fluid and viscous liquid.",CSSO_000296,,,,,Purulent sputum,
http://purl.jp/bio/11/csso/CSSO_000199,Rhinorrhea,鼻漏|Nasal discharge|Rhinorrhoea|Discharge from nose|Runny nose,The free discharge of a thin watery nasal fluid.,false,,,http://purl.jp/bio/11/csso/CSSO_000039,鼻漏|Nasal discharge|Rhinorrhoea|Discharge from nose|Runny nose,,The free discharge of a thin watery nasal fluid.,CSSO_000199,,,,,Rhinorrhea,
http://purl.jp/bio/11/csso/CSSO_000085,Caseation,乾酪壊死|Caseous necrosis,Necrosis in which tissue is changed into a dry mass resembling cheese.,false,,,http://purl.jp/bio/11/csso/CSSO_000171,乾酪壊死|Caseous necrosis,,Necrosis in which tissue is changed into a dry mass resembling cheese.,CSSO_000085,,,,,Caseation,
http://purl.jp/bio/11/csso/CSSO_000295,Mucous stool,粘液便|Mucus in stool,,false,,,http://purl.jp/bio/11/csso/CSSO_000019,粘液便|Mucus in stool,,,CSSO_000295,,,,,Mucous stool,
http://purl.jp/bio/11/csso/CSSO_000170,Neck swelling,頸部腫脹,,false,,,http://purl.jp/bio/11/csso/CSSO_000037,頸部腫脹,,,CSSO_000170,,,,,Neck swelling,
http://purl.jp/bio/11/csso/CSSO_000302,Hypoglycemia,低血糖|Hypoglycaemia,The condition in which blood sugar concentrations fall below a level necessary to properly support the body's need for energy and stability throughout its cells.,false,,,http://purl.jp/bio/11/csso/CSSO_000009,低血糖|Hypoglycaemia,2016-02-26,The condition in which blood sugar concentrations fall below a level necessary to properly support the body's need for energy and stability throughout its cells.,CSSO_000302,,,,,Hypoglycemia,
http://purl.jp/bio/11/csso/CSSO_000074,Hematuria,血尿|Blood in urine,Abnormal presence of blood in the urine.,false,,,http://purl.jp/bio/11/csso/CSSO_000050,血尿|Blood in urine,,Abnormal presence of blood in the urine.,CSSO_000074,,,,,Hematuria,
http://purl.jp/bio/11/csso/CSSO_000062,Anus pain,肛門痛|Anal pain,,false,,,http://purl.jp/bio/11/csso/CSSO_000021,肛門痛|Anal pain,,,CSSO_000062,,,,,Anus pain,
http://purl.jp/bio/11/csso/CSSO_000176,Pain,痛み|Aches,An unpleasant sensation caused by stimulation of specialized nerve endings.,false,,,http://purl.jp/bio/11/csso/CSSO_000022,痛み|Aches,,An unpleasant sensation caused by stimulation of specialized nerve endings.,CSSO_000176,,,,,Pain,
http://purl.jp/bio/11/csso/CSSO_000304,Hyperplasia,過形成,An increase in volume of normal cells in a tissue or organ.,false,,,http://purl.jp/bio/11/csso/CSSO_000022,過形成,2016-02-26,An increase in volume of normal cells in a tissue or organ.,CSSO_000304,,,,,Hyperplasia,
http://purl.jp/bio/11/csso/CSSO_000030,Lesion,病変,"Any visible, local abnormality of the tissues of the skin, such as a wound, sore, rash, or boil.",false,,,http://purl.jp/bio/11/csso/CSSO_000022,病変,,"Any visible, local abnormality of the tissues of the skin, such as a wound, sore, rash, or boil.",CSSO_000030,,,,,Lesion,
http://purl.jp/bio/11/csso/CSSO_000172,Neoplasm,新生物|Tumour|Neoplasms|Tumor,An abnormal formation of tissue.,false,,,http://purl.jp/bio/11/csso/CSSO_000022,新生物|Tumour|Neoplasms|Tumor,,An abnormal formation of tissue.,CSSO_000172,,,,,Neoplasm,
http://purl.jp/bio/11/csso/CSSO_000045,Speech and voice system symptom,音声および発生システムの症状,,false,,,http://purl.jp/bio/11/csso/CSSO_000010,音声および発生システムの症状,,,CSSO_000045,,,,,Speech and voice system symptom,
http://purl.jp/bio/11/csso/CSSO_000094,Cough,咳嗽,A forceful release of air from the lungs that can be heard.,false,,,http://purl.jp/bio/11/csso/CSSO_000041,咳嗽,,A forceful release of air from the lungs that can be heard.,CSSO_000094,,,,,Cough,
http://purl.jp/bio/11/csso/CSSO_000287,Ketoacidosis,ケトアシドーシス,A condition due to high concentrations of ketone bodies in the body tissues and fluids.,false,,,http://purl.jp/bio/11/csso/CSSO_000020,ケトアシドーシス,,A condition due to high concentrations of ketone bodies in the body tissues and fluids.,CSSO_000287,,,,,Ketoacidosis,
http://purl.jp/bio/11/csso/CSSO_000245,Wheezing,喘鳴|Wheeze,A high-pitched whistling sound associated with labored breathing.,false,,,http://purl.jp/bio/11/csso/CSSO_000005,喘鳴|Wheeze,,A high-pitched whistling sound associated with labored breathing.,CSSO_000245,,,,,Wheezing,
http://purl.jp/bio/11/csso/CSSO_000055,Abdominal discomfort,腹部不快感|Discomfort in abdomen,,false,,,http://purl.jp/bio/11/csso/CSSO_000002,腹部不快感|Discomfort in abdomen,,,CSSO_000055,,,,,Abdominal discomfort,
http://purl.jp/bio/11/csso/CSSO_000058,Abscess,膿瘍|Abscesses,"A localized collection of pus in part of the body, formed by tissue disintegration and surrounded by an inflamed area.",false,,,http://purl.jp/bio/11/csso/CSSO_000030,膿瘍|Abscesses,,"A localized collection of pus in part of the body, formed by tissue disintegration and surrounded by an inflamed area.",CSSO_000058,,,,,Abscess,
http://purl.jp/bio/11/csso/CSSO_000088,Chills,悪寒|Chill|Rigor,"A sensation of cold, with convulsive shaking of the body.",false,,,http://purl.jp/bio/11/csso/CSSO_000022,悪寒|Chill|Rigor,,"A sensation of cold, with convulsive shaking of the body.",CSSO_000088,,,,,Chills,
http://purl.jp/bio/11/csso/CSSO_000092,Nasal congestion,鼻づまり|Nasal stuffiness|Congested nose|Stuffed-up nose,Difficulty in nasal breathing.,false,,,http://purl.jp/bio/11/csso/CSSO_000041,鼻づまり|Nasal stuffiness|Congested nose|Stuffed-up nose,,Difficulty in nasal breathing.,CSSO_000092,,,,,Nasal congestion,
http://purl.jp/bio/11/csso/CSSO_000032,Lymphatic system symptom,リンパ系の症状,,false,,,http://purl.jp/bio/11/csso/CSSO_000027,リンパ系の症状,,,CSSO_000032,,,,,Lymphatic system symptom,
http://purl.jp/bio/11/csso/CSSO_000075,Bloody diarrhea,血性下痢|Haemorrhagic diarrhoea|Hemorrhagic diarrhea|Bloody diarrhoea,,false,,,http://purl.jp/bio/11/csso/CSSO_000102,血性下痢|Haemorrhagic diarrhoea|Hemorrhagic diarrhea|Bloody diarrhoea,,,CSSO_000075,,,,,Bloody diarrhea,
http://purl.jp/bio/11/csso/CSSO_000161,Malodor,悪臭|Stench|Foul odor|Bad odor,A distinctive odor that is offensively unpleasant.,false,,,http://purl.jp/bio/11/csso/CSSO_000022,悪臭|Stench|Foul odor|Bad odor,,A distinctive odor that is offensively unpleasant.,CSSO_000161,,,,,Malodor,
http://purl.jp/bio/11/csso/CSSO_000266,Sneezing,くしゃみ,,"Sudden, reflex, noisy expiration through the nasal cavities",,,http://purl.jp/bio/11/csso/CSSO_000041,くしゃみ,,,CSSO_000266,,,,,Sneezing,"Sudden, reflex, noisy expiration through the nasal cavities"
http://purl.jp/bio/11/csso/CSSO_000169,Neck pain,頸部痛|Neck ache|Cervicalgia|Cervicodynia|Cervical pain,An unpleasant sensation localized in the neck. ,false,,,http://purl.jp/bio/11/csso/CSSO_000037,頸部痛|Neck ache|Cervicalgia|Cervicodynia|Cervical pain,,An unpleasant sensation localized in the neck. ,CSSO_000169,,,,,Neck pain,
http://purl.jp/bio/11/csso/CSSO_000252,Dehydration,脱水症状,The loss of water and salts essential for normal body function.,false,,,http://purl.jp/bio/11/csso/CSSO_000020,脱水症状,,The loss of water and salts essential for normal body function.,CSSO_000252,,,,,Dehydration,
http://purl.jp/bio/11/csso/CSSO_000039,Nose symptom,鼻の症状|Nasal symptom,,false,,,http://purl.jp/bio/11/csso/CSSO_000024,鼻の症状|Nasal symptom,,,CSSO_000039,,,,,Nose symptom,
http://purl.jp/bio/11/csso/CSSO_000212,Stiff jaw,顎部のこわばり|Jaw stiffness,,false,,,http://purl.jp/bio/11/csso/CSSO_000024,顎部のこわばり|Jaw stiffness,,,CSSO_000212,,,,,Stiff jaw,
http://purl.jp/bio/11/csso/CSSO_000198,Rose spots,バラ疹|Roseola|Rosy spots|Exanthema subitum,Small slightly raised reddish pimples that are a distinguishing feature of typhoid or paratyphoid infection.,false,,,http://purl.jp/bio/11/csso/CSSO_000192,バラ疹|Roseola|Rosy spots|Exanthema subitum,,Small slightly raised reddish pimples that are a distinguishing feature of typhoid or paratyphoid infection.,CSSO_000198,,,,,Rose spots,
http://purl.jp/bio/11/csso/CSSO_000120,Steatorrhea,脂肪便|Steatorrhoea|Fatty stool,Feces containing an abnormally large amount of fat.,false,,,http://purl.jp/bio/11/csso/CSSO_000019,脂肪便|Steatorrhoea|Fatty stool,,Feces containing an abnormally large amount of fat.,CSSO_000120,,,,,Steatorrhea,
http://purl.jp/bio/11/csso/CSSO_000127,Headache,頭痛|Head pain|Cephalalgia|Cephalgia,A pain in the head. ,false,,,http://purl.jp/bio/11/csso/CSSO_000024,頭痛|Head pain|Cephalalgia|Cephalgia,,A pain in the head. ,CSSO_000127,,,,,Headache,
http://purl.jp/bio/11/csso/CSSO_000095,Deafness,難聴|Difficulty hearing|Hearing impairment|Hearing loss,The lack or loss of the ability to hear.,false,,,http://purl.jp/bio/11/csso/CSSO_000016,難聴|Difficulty hearing|Hearing impairment|Hearing loss,,The lack or loss of the ability to hear.,CSSO_000095,,,,,Deafness,
http://purl.jp/bio/11/csso/CSSO_000244,Weight loss,体重減少|Weight reduction|Decreased body weight|Loss of weight,A reduction in body weight.,false,,,http://purl.jp/bio/11/csso/CSSO_000022,体重減少|Weight reduction|Decreased body weight|Loss of weight,,A reduction in body weight.,CSSO_000244,,,,,Weight loss,
http://purl.jp/bio/11/csso/CSSO_000288,Shin pain,すねの痛み,,false,,,http://purl.jp/bio/11/csso/CSSO_000036,すねの痛み,,,CSSO_000288,,,,,Shin pain,
http://purl.jp/bio/11/csso/CSSO_000089,Chronic cough,慢性咳嗽,"Chronic cough is a cough characterized by an explosive expulsion of air from the lungs acting as a protective mechanism to clear the air passages or as a symptom of pulmonary disturbance marked by long duration, by frequent recurrence over a long time, and often by slowly progressing seriousness.",false,,,http://purl.jp/bio/11/csso/CSSO_000094,慢性咳嗽,,"Chronic cough is a cough characterized by an explosive expulsion of air from the lungs acting as a protective mechanism to clear the air passages or as a symptom of pulmonary disturbance marked by long duration, by frequent recurrence over a long time, and often by slowly progressing seriousness.",CSSO_000089,,,,,Chronic cough,
http://purl.jp/bio/11/csso/CSSO_000111,Earache,耳痛|Otalgia|Ear pain,Pain in the ear.,false,,,http://purl.jp/bio/11/csso/CSSO_000016,耳痛|Otalgia|Ear pain,,Pain in the ear.,CSSO_000111,,,,,Earache,
http://purl.jp/bio/11/csso/CSSO_000283,Urethral discharge,尿道分泌物,,false,,,http://purl.jp/bio/11/csso/CSSO_000050,尿道分泌物,,,CSSO_000283,,,,,Urethral discharge,
http://purl.jp/bio/11/csso/CSSO_000138,Itching,そう痒|Itch|Itchy|Pruritus,"An intense, distracting irritation or tickling sensation that may be felt all over the skin's surface, or confined to just one area. ",false,,,http://purl.jp/bio/11/csso/CSSO_000043,そう痒|Itch|Itchy|Pruritus,,"An intense, distracting irritation or tickling sensation that may be felt all over the skin's surface, or confined to just one area. ",CSSO_000138,,,,,Itching,
http://purl.jp/bio/11/csso/CSSO_000079,Bradycardia,徐脈|Decreased heart rate|Slow heart beat|Heart rate slow,"A slow heart rate, usually under 60 beats per minute in adults.",false,,,http://purl.jp/bio/11/csso/CSSO_000006,徐脈|Decreased heart rate|Slow heart beat|Heart rate slow,,"A slow heart rate, usually under 60 beats per minute in adults.",CSSO_000079,,,,,Bradycardia,
http://purl.jp/bio/11/csso/CSSO_000059,Altered mental status,精神異常|Change in mental status|Mental status change,,false,,,http://purl.jp/bio/11/csso/CSSO_000014,精神異常|Change in mental status|Mental status change,,,CSSO_000059,,,,,Altered mental status,
http://purl.jp/bio/11/csso/CSSO_000010,Clinical signs and symptoms,,,false,,,http://www.w3.org/2002/07/owl#Thing,,,,CSSO_000010,,,,,Clinical signs and symptoms,
http://purl.jp/bio/11/csso/CSSO_000143,Joint tenderness,関節圧痛|Joint tender,,false,,,http://purl.jp/bio/11/csso/CSSO_000029,関節圧痛|Joint tender,,,CSSO_000143,,,,,Joint tenderness,
http://purl.jp/bio/11/csso/CSSO_000067,Backache,背部痛|Dorsalgia|Pain in back|Back pain|Back ache,A pain in the back.,false,,,http://purl.jp/bio/11/csso/CSSO_000036,背部痛|Dorsalgia|Pain in back|Back pain|Back ache,,A pain in the back.,CSSO_000067,,,,,Backache,
http://purl.jp/bio/11/csso/CSSO_000041,Respiratory system symptom,呼吸システムの症状|Raspiratory symptom,,false,,,http://purl.jp/bio/11/csso/CSSO_000010,呼吸システムの症状|Raspiratory symptom,,,CSSO_000041,,,,,Respiratory system symptom,
http://purl.jp/bio/11/csso/CSSO_000148,Leukocytosis,白血球増加症|Leucocytosis|White blood cell count increased,A condition characterized by an elevated number of white cells in the blood.,false,,,http://purl.jp/bio/11/csso/CSSO_000009,白血球増加症|Leucocytosis|White blood cell count increased,,A condition characterized by an elevated number of white cells in the blood.,CSSO_000148,,,,,Leukocytosis,
http://purl.jp/bio/11/csso/CSSO_000159,Maculopapular rash,斑状丘疹状皮疹,"A rash characterized by raised, spotted lesions.",false,,,http://purl.jp/bio/11/csso/CSSO_000192,斑状丘疹状皮疹,,"A rash characterized by raised, spotted lesions.",CSSO_000159,,,,,Maculopapular rash,
http://purl.jp/bio/11/csso/CSSO_000021,Gastrointestinal symptom,胃腸の症状,,false,,,http://purl.jp/bio/11/csso/CSSO_000002,胃腸の症状,,,CSSO_000021,,,,,Gastrointestinal symptom,
http://purl.jp/bio/11/csso/CSSO_000279,Hemorrhagic rash,出血性皮疹|Rash hemorrhagic,,false,,,http://purl.jp/bio/11/csso/CSSO_000192,出血性皮疹|Rash hemorrhagic,,,CSSO_000279,,,,,Hemorrhagic rash,
http://purl.jp/bio/11/csso/CSSO_000034,Mouth symptom,口腔の症状,,false,,,http://purl.jp/bio/11/csso/CSSO_000024,口腔の症状,,,CSSO_000034,,,,,Mouth symptom,
http://purl.jp/bio/11/csso/CSSO_000133,Hypertension,高血圧|High blood pressure|Elevated blood pressure,Abnormally high blood pressure.,false,,,http://purl.jp/bio/11/csso/CSSO_000004,高血圧|High blood pressure|Elevated blood pressure,,Abnormally high blood pressure.,CSSO_000133,,,,,Hypertension,
http://purl.jp/bio/11/csso/CSSO_000098,Deformity,変形|Deformation,An alteration in shape or structure.,false,,,http://purl.jp/bio/11/csso/CSSO_000022,変形|Deformation,,An alteration in shape or structure.,CSSO_000098,,,,,Deformity,
http://purl.jp/bio/11/csso/CSSO_000247,Abdominal distention,腹部膨満,,false,,,http://purl.jp/bio/11/csso/CSSO_000002,腹部膨満,,,CSSO_000247,,,,,Abdominal distention,
http://purl.jp/bio/11/csso/CSSO_000134,Hypotension,Low blood pressure|低血圧,Abnormally low blood pressure.,false,,,http://purl.jp/bio/11/csso/CSSO_000004,Low blood pressure|低血圧,,Abnormally low blood pressure.,CSSO_000134,,,,,Hypotension,
http://purl.jp/bio/11/csso/CSSO_000233,Urinary frequency,頻尿|Increased frequency of urination|Increased frequency of micturition|Pollakisuria|Pollakiuria,Frequent urination or urgency without an increase in the total daily volume of urine.,false,,,http://purl.jp/bio/11/csso/CSSO_000050,頻尿|Increased frequency of urination|Increased frequency of micturition|Pollakisuria|Pollakiuria,,Frequent urination or urgency without an increase in the total daily volume of urine.,CSSO_000233,,,,,Urinary frequency,
http://purl.jp/bio/11/csso/CSSO_000226,Tenesmus,しぶり,A painful spasm of the anal sphincter accompanied by an urgent desire to evacuate the bowel or bladder and involuntary straining that results in the passing of little or no matter.,false,,,http://purl.jp/bio/11/csso/CSSO_000002,しぶり,,A painful spasm of the anal sphincter accompanied by an urgent desire to evacuate the bowel or bladder and involuntary straining that results in the passing of little or no matter.,CSSO_000226,,,,,Tenesmus,
http://purl.jp/bio/11/csso/CSSO_000123,Granuloma,肉芽腫,A collection of inflammatory cells forming a microscopic lesion.,false,,,http://purl.jp/bio/11/csso/CSSO_000027,肉芽腫,,A collection of inflammatory cells forming a microscopic lesion.,CSSO_000123,,,,,Granuloma,
http://purl.jp/bio/11/csso/CSSO_000142,Joint swelling,関節腫脹|Swollen joint,,false,,,http://purl.jp/bio/11/csso/CSSO_000029,関節腫脹|Swollen joint,,,CSSO_000142,,,,,Joint swelling,
http://purl.jp/bio/11/csso/CSSO_000168,Nausea,吐き気|Nauseated,An unpleasant sensation characterized by gastrointestinal distress and an urge to vomit.,false,,,http://purl.jp/bio/11/csso/CSSO_000001,吐き気|Nauseated,,An unpleasant sensation characterized by gastrointestinal distress and an urge to vomit.,CSSO_000168,,,,,Nausea,
http://purl.jp/bio/11/csso/CSSO_000090,Coma,昏睡|Exanimation|Comatose,"A state of profound unconsciousness, characterized by the absence of spontaneous eye openings, response to painful stimuli, and vocalization. ",false,,,http://purl.jp/bio/11/csso/CSSO_000008,昏睡|Exanimation|Comatose,,"A state of profound unconsciousness, characterized by the absence of spontaneous eye openings, response to painful stimuli, and vocalization. ",CSSO_000090,,,,,Coma,
http://purl.jp/bio/11/csso/CSSO_000289,Blood count depression,血球数減少,,false,,,http://purl.jp/bio/11/csso/CSSO_000026,血球数減少,,,CSSO_000289,,,,,Blood count depression,
http://purl.jp/bio/11/csso/CSSO_000130,Hepatosplenomegaly,肝脾腫大,Enlargement of the liver and the spleen.,false,,,http://purl.jp/bio/11/csso/CSSO_000046|http://purl.jp/bio/11/csso/CSSO_000031,肝脾腫大,,Enlargement of the liver and the spleen.,CSSO_000130,,,,,Hepatosplenomegaly,
http://purl.jp/bio/11/csso/CSSO_000150,Photophobia,羞明|Sensitivity to light|Light sensitivities|Light sensitivity,An abnormal sensitivity to light.,false,,,http://purl.jp/bio/11/csso/CSSO_000017,羞明|Sensitivity to light|Light sensitivities|Light sensitivity,,An abnormal sensitivity to light.,CSSO_000150,,,,,Photophobia,
http://purl.jp/bio/11/csso/CSSO_000060,Anemia,貧血|Anaemia,A condition in which there is an abnormally low number of red blood cells in the bloodstream. ,false,,,http://purl.jp/bio/11/csso/CSSO_000026,貧血|Anaemia,,A condition in which there is an abnormally low number of red blood cells in the bloodstream. ,CSSO_000060,,,,,Anemia,
http://purl.jp/bio/11/csso/CSSO_000278,Stridor,喘鳴,"A high-pitched crowing sound caused by croup, respiratory infection, and airway obstruction.",false,,,http://purl.jp/bio/11/csso/CSSO_000005,喘鳴,,"A high-pitched crowing sound caused by croup, respiratory infection, and airway obstruction.",CSSO_000278,,,,,Stridor,
http://purl.jp/bio/11/csso/CSSO_000191,Raised intracranial pressure,頭蓋内圧上昇|Intracranial hypertension,Elevation of the pressure in the cranium. ,false,,,http://purl.jp/bio/11/csso/CSSO_000024,頭蓋内圧上昇|Intracranial hypertension,,Elevation of the pressure in the cranium. ,CSSO_000191,,,,,Raised intracranial pressure,
http://purl.jp/bio/11/csso/CSSO_000007,Abortion,流産,The spontaneous or induced termination of pregnancy before the fetus has developed to the stage of viability. ,false,,,http://purl.jp/bio/11/csso/CSSO_000040,流産,,The spontaneous or induced termination of pregnancy before the fetus has developed to the stage of viability. ,CSSO_000007,,,,,Abortion,
http://purl.jp/bio/11/csso/CSSO_000099,Delirium,せん妄,A state of mental confusion that develops quickly and usually fluctuates in intensity.,false,,,http://purl.jp/bio/11/csso/CSSO_000059,せん妄,,A state of mental confusion that develops quickly and usually fluctuates in intensity.,CSSO_000099,,,,,Delirium,
http://purl.jp/bio/11/csso/CSSO_000255,Eyelid redness,眼瞼発赤,,false,,,http://purl.jp/bio/11/csso/CSSO_000018,眼瞼発赤,,,CSSO_000255,,,,,Eyelid redness,
http://purl.jp/bio/11/csso/CSSO_000259,Meningitis,髄膜炎,"A serious inflammation of the meninges, the thin, membranous covering of the brain and the spinal cord. ",false,,,http://purl.jp/bio/11/csso/CSSO_000038,髄膜炎,,"A serious inflammation of the meninges, the thin, membranous covering of the brain and the spinal cord. ",CSSO_000259,,,,,Meningitis,
http://purl.jp/bio/11/csso/CSSO_000267,Spasm,けいれん,"A sudden, violent, involuntary muscular contraction.",false,,,http://purl.jp/bio/11/csso/CSSO_000035,けいれん,,"A sudden, violent, involuntary muscular contraction.",CSSO_000267,,,,,Spasm,
http://purl.jp/bio/11/csso/CSSO_000305,Polyp,ポリープ|Polyps,A usually nonmalignant growth or mass protruding from a mucous membrane.,false,,,http://purl.jp/bio/11/csso/CSSO_000022,ポリープ|Polyps,2016-02-26,A usually nonmalignant growth or mass protruding from a mucous membrane.,CSSO_000305,,,,,Polyp,
http://purl.jp/bio/11/csso/CSSO_000264,Renal failure,腎不全|Kidney failure,Disorder characterized by the kidney's inability to filter wastes from the blood.,false,,,http://purl.jp/bio/11/csso/CSSO_000050,腎不全|Kidney failure,,Disorder characterized by the kidney's inability to filter wastes from the blood.,CSSO_000264,,,,,Renal failure,
http://purl.jp/bio/11/csso/CSSO_000206,Skin irritation,皮膚刺激|Irritation of skin,Reaction to a particular irritant that results in inflammation of the skin and itchiness.,false,,,http://purl.jp/bio/11/csso/CSSO_000043,皮膚刺激|Irritation of skin,,Reaction to a particular irritant that results in inflammation of the skin and itchiness.,CSSO_000206,,,,,Skin irritation,
http://purl.jp/bio/11/csso/CSSO_000051,Vascular symptom,血管の症状,,false,,,http://purl.jp/bio/11/csso/CSSO_000013,血管の症状,,,CSSO_000051,,,,,Vascular symptom,
http://purl.jp/bio/11/csso/CSSO_000116,Eye pain,眼痛|Pain in eye|Ocular pain,,false,,,http://purl.jp/bio/11/csso/CSSO_000017,眼痛|Pain in eye|Ocular pain,,,CSSO_000116,,,,,Eye pain,
http://purl.jp/bio/11/csso/CSSO_000022,General symptom,一般症状,A symptom that affects the entire body rather than a specific organ or location. ,false,,,http://purl.jp/bio/11/csso/CSSO_000010,一般症状,,A symptom that affects the entire body rather than a specific organ or location. ,CSSO_000022,,,,,General symptom,
http://purl.jp/bio/11/csso/CSSO_000160,Malaise,倦怠感|Feels unwell|Not feeling well|Discomfort,A general sense of depression or unease.,false,,,http://purl.jp/bio/11/csso/CSSO_000022,倦怠感|Feels unwell|Not feeling well|Discomfort,,A general sense of depression or unease.,CSSO_000160,,,,,Malaise,
http://purl.jp/bio/11/csso/CSSO_000228,Tight chest,胸部絞扼感|Chest tightness|Feeling of chest tightness|Pressure in chest,,false,,,http://purl.jp/bio/11/csso/CSSO_000012,胸部絞扼感|Chest tightness|Feeling of chest tightness|Pressure in chest,,,CSSO_000228,,,,,Tight chest,
http://purl.jp/bio/11/csso/CSSO_000292,Blood coagulation,血液凝固|Blood clotting|Clotting,The process by which blood forms clots.,false,,,http://purl.jp/bio/11/csso/CSSO_000009,血液凝固|Blood clotting|Clotting,,The process by which blood forms clots.,CSSO_000292,,,,,Blood coagulation,
http://purl.jp/bio/11/csso/CSSO_000263,Red eye,目の赤み|Eye redness,"An eye showing dilation of conjunctival, episcleral or ciliary blood vessels.",false,,,http://purl.jp/bio/11/csso/CSSO_000017,目の赤み|Eye redness,,"An eye showing dilation of conjunctival, episcleral or ciliary blood vessels.",CSSO_000263,,,,,Red eye,
http://purl.jp/bio/11/csso/CSSO_000300,Reproductive system symptom,生殖システムの症状,,false,,,http://purl.jp/bio/11/csso/CSSO_000040,生殖システムの症状,,,CSSO_000300,,,,,Reproductive system symptom,
http://purl.jp/bio/11/csso/CSSO_000077,Furuncle,せつ|Furunculosis|Boils|Furuncles|Boil,"A tender, swollen area that forms around a hair follicle.",false,,,http://purl.jp/bio/11/csso/CSSO_000043,せつ|Furunculosis|Boils|Furuncles|Boil,,"A tender, swollen area that forms around a hair follicle.",CSSO_000077,,,,,Furuncle,
http://purl.jp/bio/11/csso/CSSO_000129,Hepatomegaly,肝腫大|Enlarged liver|Large liver,Enlargement of the liver.,false,,,http://purl.jp/bio/11/csso/CSSO_000031,肝腫大|Enlarged liver|Large liver,,Enlargement of the liver.,CSSO_000129,,,,,Hepatomegaly,
http://purl.jp/bio/11/csso/CSSO_000149,Leukopenia,白血球減少症|White blood cell decreased|Decreased blood leucocyte number|Leucopenia,A condition in which the number of leukocytes circulating in the blood is abnormally low.,false,,,http://purl.jp/bio/11/csso/CSSO_000289,白血球減少症|White blood cell decreased|Decreased blood leucocyte number|Leucopenia,,A condition in which the number of leukocytes circulating in the blood is abnormally low.,CSSO_000149,,,,,Leukopenia,
http://purl.jp/bio/11/csso/CSSO_000207,Skin lesion,皮膚病変,A superficial growth or patch of the skin that does not resemble the area surrounding it.,false,,,http://purl.jp/bio/11/csso/CSSO_000043,皮膚病変,,A superficial growth or patch of the skin that does not resemble the area surrounding it.,CSSO_000207,,,,,Skin lesion,
http://purl.jp/bio/11/csso/CSSO_000203,Severe headache,激しい頭痛|Severe headache,,false,,,http://purl.jp/bio/11/csso/CSSO_000127,激しい頭痛|Severe headache,,,CSSO_000203,,,,,Severe headache,
http://purl.jp/bio/11/csso/CSSO_000238,Vesicle,小水疱,"A small bladder or blister, containing clear fluid.",false,,,http://purl.jp/bio/11/csso/CSSO_000073,小水疱,,"A small bladder or blister, containing clear fluid.",CSSO_000238,,,,,Vesicle,
http://purl.jp/bio/11/csso/CSSO_000299,Foreign body sensation,異物感|Sensation of foreign body,Feeling of an object or substance that has been introduced from outside.,false,,,http://purl.jp/bio/11/csso/CSSO_000042,異物感|Sensation of foreign body,,Feeling of an object or substance that has been introduced from outside.,CSSO_000299,,,,,Foreign body sensation,
http://purl.jp/bio/11/csso/CSSO_000216,Swelling,腫脹,Transient abnormal enlargement of a body part or area.,false,,,http://purl.jp/bio/11/csso/CSSO_000022,腫脹,,Transient abnormal enlargement of a body part or area.,CSSO_000216,,,,,Swelling,
http://purl.jp/bio/11/csso/CSSO_000261,Osteomyelitis,骨髄炎,An inflammation of bone and bone marrow. ,false,,,http://purl.jp/bio/11/csso/CSSO_000036,骨髄炎,,An inflammation of bone and bone marrow. ,CSSO_000261,,,,,Osteomyelitis,
http://purl.jp/bio/11/csso/CSSO_000110,Dysuria,排尿痛|Urination painful|Pain emptying bladder|Pain on voiding|Pain on micturition,Difficult or painful urination.,false,,,http://purl.jp/bio/11/csso/CSSO_000050,排尿痛|Urination painful|Pain emptying bladder|Pain on voiding|Pain on micturition,,Difficult or painful urination.,CSSO_000110,,,,,Dysuria,
http://purl.jp/bio/11/csso/CSSO_000297,Polyarthritis,多発性関節炎,An any type of arthritis which involves several joints simultaneously.,false,,,http://purl.jp/bio/11/csso/CSSO_000064,多発性関節炎,,An any type of arthritis which involves several joints simultaneously.,CSSO_000297,,,,,Polyarthritis,
http://purl.jp/bio/11/csso/CSSO_000035,Muscle symptom,筋肉の症状,,false,,,http://purl.jp/bio/11/csso/CSSO_000036,筋肉の症状,,,CSSO_000035,,,,,Muscle symptom,
http://purl.jp/bio/11/csso/CSSO_000024,Head symptom,頭部の症状,,false,,,http://purl.jp/bio/11/csso/CSSO_000023,頭部の症状,,,CSSO_000024,,,,,Head symptom,
http://purl.jp/bio/11/csso/CSSO_000298,Carditis,,心臓炎|An inflammation of the heart.,false,,,http://purl.jp/bio/11/csso/CSSO_000025,,,心臓炎|An inflammation of the heart.,CSSO_000298,,,,,Carditis,
http://purl.jp/bio/11/csso/CSSO_000219,Swelling of eyelid,眼瞼腫脹,,false,,,http://purl.jp/bio/11/csso/CSSO_000018,眼瞼腫脹,,,CSSO_000219,,,,,Swelling of eyelid,
http://purl.jp/bio/11/csso/CSSO_000117,Eyelid pain,眼瞼痛,,false,,,http://purl.jp/bio/11/csso/CSSO_000018,眼瞼痛,,,CSSO_000117,,,,,Eyelid pain,
http://purl.jp/bio/11/csso/CSSO_000145,Large tonsil,扁桃腫大|Enlarged tonsil|Swollen tonsil,,false,,,http://purl.jp/bio/11/csso/CSSO_000027,扁桃腫大|Enlarged tonsil|Swollen tonsil,,,CSSO_000145,,,,,Large tonsil,
http://purl.jp/bio/11/csso/CSSO_000181,Petechiae,点状出血|Petechial rash|Petechia|Petachial eruption,Tiny purple or red spots on the skin resulting from hemorrhages within the dermal or submucosal layers. ,false,,,http://purl.jp/bio/11/csso/CSSO_000043,点状出血|Petechial rash|Petechia|Petachial eruption,,Tiny purple or red spots on the skin resulting from hemorrhages within the dermal or submucosal layers. ,CSSO_000181,,,,,Petechiae,
http://purl.jp/bio/11/csso/CSSO_000232,Ulcer,潰瘍|Ulcers,"A site of damage to the skin or mucous membrane that is characterized by the formation of pus, death of tissue, and is frequently accompanied by an inflammatory reaction.",false,,,http://purl.jp/bio/11/csso/CSSO_000030,潰瘍|Ulcers,,"A site of damage to the skin or mucous membrane that is characterized by the formation of pus, death of tissue, and is frequently accompanied by an inflammatory reaction.",CSSO_000232,,,,,Ulcer,
http://purl.jp/bio/11/csso/CSSO_000253,Depression,うつ状態,"A state of being depressed marked especially by sadness, inactivity, difficulty with thinking and concentration.",false,,,http://purl.jp/bio/11/csso/CSSO_000038,うつ状態,,"A state of being depressed marked especially by sadness, inactivity, difficulty with thinking and concentration.",CSSO_000253,,,,,Depression,
http://purl.jp/bio/11/csso/CSSO_000290,Blurred vision,かすみ目|Hazy vision,,false,,,http://purl.jp/bio/11/csso/CSSO_000052,かすみ目|Hazy vision,,,CSSO_000290,,,,,Blurred vision,
http://purl.jp/bio/11/csso/CSSO_000020,Food and fluid intake system symptom,食物および水分摂取システムの症状,,false,,,http://purl.jp/bio/11/csso/CSSO_000010,食物および水分摂取システムの症状,,,CSSO_000020,,,,,Food and fluid intake system symptom,
http://purl.jp/bio/11/csso/CSSO_000175,Nodule,小結節,A small node that may form on a tendon and make it difficult to slide smoothly through its sheath.,false,,,http://purl.jp/bio/11/csso/CSSO_000022,小結節,,A small node that may form on a tendon and make it difficult to slide smoothly through its sheath.,CSSO_000175,,,,,Nodule,
http://purl.jp/bio/11/csso/CSSO_000248,Arthropathy,関節炎,Any disease or abnormal condition affecting a joint.,false,,,http://purl.jp/bio/11/csso/CSSO_000029,関節炎,,Any disease or abnormal condition affecting a joint.,CSSO_000248,,,,,Arthropathy,
http://purl.jp/bio/11/csso/CSSO_000131,High fever,高熱|High-grade fever,A fever with an elevated temperature.,false,,,http://purl.jp/bio/11/csso/CSSO_000121,高熱|High-grade fever,,A fever with an elevated temperature.,CSSO_000131,,,,,High fever,
http://purl.jp/bio/11/csso/CSSO_000281,Scrotal pain,陰嚢痛|Pain in scrotum,,false,,,http://purl.jp/bio/11/csso/CSSO_000300,陰嚢痛|Pain in scrotum,,,CSSO_000281,,,,,Scrotal pain,
http://purl.jp/bio/11/csso/CSSO_000272,Development symptom,発育の症状|2016-02-26,,false,,,http://purl.jp/bio/11/csso/CSSO_000010,発育の症状|2016-02-26,,,CSSO_000272,,,,,Development symptom,
http://purl.jp/bio/11/csso/CSSO_000224,Tender lymph node,リンパ節圧痛|Tender gland|Lymph node tenderness,,false,,,http://purl.jp/bio/11/csso/CSSO_000032,リンパ節圧痛|Tender gland|Lymph node tenderness,,,CSSO_000224,,,,,Tender lymph node,
http://purl.jp/bio/11/csso/CSSO_000012,Chest symptom,胸部症状,,false,,,http://purl.jp/bio/11/csso/CSSO_000041,胸部症状,,,CSSO_000012,,,,,Chest symptom,
http://purl.jp/bio/11/csso/CSSO_000080,Brain lesion,脳病変|Lesion of brain,,false,,,http://purl.jp/bio/11/csso/CSSO_000038,脳病変|Lesion of brain,,,CSSO_000080,,,,,Brain lesion,
http://purl.jp/bio/11/csso/CSSO_000061,Anorexia,食欲不振|Lack of appetite|Loss of appetite|Poor appetite,Lack or loss of appetite for food.,false,,,http://purl.jp/bio/11/csso/CSSO_000020,食欲不振|Lack of appetite|Loss of appetite|Poor appetite,,Lack or loss of appetite for food.,CSSO_000061,,,,,Anorexia,
http://purl.jp/bio/11/csso/CSSO_000236,Vaginal discharge,膣分泌物|Vaginal discharges,Discharge of secretions from the cervical glands of the vagina.,false,,,http://purl.jp/bio/11/csso/CSSO_000300,膣分泌物|Vaginal discharges,,Discharge of secretions from the cervical glands of the vagina.,CSSO_000236,,,,,Vaginal discharge,
http://purl.jp/bio/11/csso/CSSO_000025,Heart symptom,心臓の症状,,false,,,http://purl.jp/bio/11/csso/CSSO_000013,心臓の症状,,,CSSO_000025,,,,,Heart symptom,
http://purl.jp/bio/11/csso/CSSO_000069,Bladder irritability,膀胱過敏|Unstable bladder|Irritable bladder|Bladder instability,A condition of the bladder marked by increased frequency of contraction with associated desire to urinate.,false,,,http://purl.jp/bio/11/csso/CSSO_000050,膀胱過敏|Unstable bladder|Irritable bladder|Bladder instability,,A condition of the bladder marked by increased frequency of contraction with associated desire to urinate.,CSSO_000069,,,,,Bladder irritability,
http://purl.jp/bio/11/csso/CSSO_000029,Joint symptom,関節の症状,,false,,,http://purl.jp/bio/11/csso/CSSO_000036,関節の症状,,,CSSO_000029,,,,,Joint symptom,
http://purl.jp/bio/11/csso/CSSO_000240,Visual disturbance,視覚障害|Disturbed vision|Visual impairment|Visual disturbances|Disturbance of vision,A severe reduction in vision.,false,,,http://purl.jp/bio/11/csso/CSSO_000052,視覚障害|Disturbed vision|Visual impairment|Visual disturbances|Disturbance of vision,,A severe reduction in vision.,CSSO_000240,,,,,Visual disturbance,
http://purl.jp/bio/11/csso/CSSO_000268,Swollen mastoid,乳様突起の腫脹,,false,,,http://purl.jp/bio/11/csso/CSSO_000016,乳様突起の腫脹,,,CSSO_000268,,,,,Swollen mastoid,
http://purl.jp/bio/11/csso/CSSO_000109,Dyspnea,呼吸困難|Breathless|Shortness of breath|Dyspnoea|Difficulity breathing|Breathlessness,A difficulty in breathing or shortness of breath.,false,,,http://purl.jp/bio/11/csso/CSSO_000005,呼吸困難|Breathless|Shortness of breath|Dyspnoea|Difficulity breathing|Breathlessness,,A difficulty in breathing or shortness of breath.,CSSO_000109,,,,,Dyspnea,
http://purl.jp/bio/11/csso/CSSO_000230,Tremor,震え|Trembling|Shaking|Quivering,An involuntary trembling or quivering.,false,,,http://purl.jp/bio/11/csso/CSSO_000022,震え|Trembling|Shaking|Quivering,,An involuntary trembling or quivering.,CSSO_000230,,,,,Tremor,
http://purl.jp/bio/11/csso/CSSO_000132,Hyperhidrosis,多汗症,A disorder marked by excessive sweating.,false,,,http://purl.jp/bio/11/csso/CSSO_000101,多汗症,,A disorder marked by excessive sweating.,CSSO_000132,,,,,Hyperhidrosis,
http://purl.jp/bio/11/csso/CSSO_000285,Chancre,硬性下疳,"The initial skin ulcer of primary syphilis, consisting of an open sore with a firm or hard base.",false,,,http://purl.jp/bio/11/csso/CSSO_000300,硬性下疳,,"The initial skin ulcer of primary syphilis, consisting of an open sore with a firm or hard base.",CSSO_000285,,,,,Chancre,
http://purl.jp/bio/11/csso/CSSO_000173,Neurological deficit,神経学的障害,Any defect or absence of function of a peripheral nerve or a system.,false,,,http://purl.jp/bio/11/csso/CSSO_000038,神経学的障害,,Any defect or absence of function of a peripheral nerve or a system.,CSSO_000173,,,,,Neurological deficit,
http://purl.jp/bio/11/csso/CSSO_000005,Abnormal breathing,呼吸異常|Breathing abnormal|Breathing problem|Abnormalities of breathing|Respiration abnormal,,false,,,http://purl.jp/bio/11/csso/CSSO_000041,呼吸異常|Breathing abnormal|Breathing problem|Abnormalities of breathing|Respiration abnormal,,,CSSO_000005,,,,,Abnormal breathing,
http://purl.jp/bio/11/csso/CSSO_000215,Stupor,昏迷,A state of unresponsiveness in which a person seems unaware of the surroundings.,false,,,http://purl.jp/bio/11/csso/CSSO_000008,昏迷,,A state of unresponsiveness in which a person seems unaware of the surroundings.,CSSO_000215,,,,,Stupor,
http://purl.jp/bio/11/csso/CSSO_000183,Pigmentation,色素沈着|Skin pigmentation,The coloration or discoloration of a part by a pigment.,false,,,http://purl.jp/bio/11/csso/CSSO_000011,色素沈着|Skin pigmentation,,The coloration or discoloration of a part by a pigment.,CSSO_000183,,,,,Pigmentation,
http://purl.jp/bio/11/csso/CSSO_000066,Asthenia,無力,Physical weakness and loss of strength.,false,,,http://purl.jp/bio/11/csso/CSSO_000022,無力,,Physical weakness and loss of strength.,CSSO_000066,,,,,Asthenia,
http://purl.jp/bio/11/csso/CSSO_000174,Night sweats,寝汗|Night sweating,The occurrence of excessive sweating during sleep. ,false,,,http://purl.jp/bio/11/csso/CSSO_000101,寝汗|Night sweating,,The occurrence of excessive sweating during sleep. ,CSSO_000174,,,,,Night sweats,
http://purl.jp/bio/11/csso/CSSO_000048,Breast symptom,乳房の症状,,false,,,http://purl.jp/bio/11/csso/CSSO_000040,乳房の症状,,,CSSO_000048,,,,,Breast symptom,
http://purl.jp/bio/11/csso/CSSO_000049,Throat symptom,喉の症状,,false,,,http://purl.jp/bio/11/csso/CSSO_000041,喉の症状,,,CSSO_000049,,,,,Throat symptom,
http://purl.jp/bio/11/csso/CSSO_000192,Rash,発疹|Eruption|Exanthema|Skin rash|Skin eruption,A skin eruption.,false,,,http://purl.jp/bio/11/csso/CSSO_000043,発疹|Eruption|Exanthema|Skin rash|Skin eruption,,A skin eruption.,CSSO_000192,,,,,Rash,
http://purl.jp/bio/11/csso/CSSO_000018,Eyelid symptom,まぶたの症状,,false,,,http://purl.jp/bio/11/csso/CSSO_000017,まぶたの症状,,,CSSO_000018,,,,,Eyelid symptom,
http://purl.jp/bio/11/csso/CSSO_000136,Inflammation,炎症|Inflammations,"A localized protective reaction characterized by increased blood supply and activation of defense mechanisms. It produces redness, swelling, heat, and pain.",false,,,http://purl.jp/bio/11/csso/CSSO_000022,炎症|Inflammations,,"A localized protective reaction characterized by increased blood supply and activation of defense mechanisms. It produces redness, swelling, heat, and pain.",CSSO_000136,,,,,Inflammation,
http://purl.jp/bio/11/csso/CSSO_000106,Dry cough,乾性咳嗽|Unproductive cough|Non-productive cough,A cough that does not produce sputum.,false,,,http://purl.jp/bio/11/csso/CSSO_000094,乾性咳嗽|Unproductive cough|Non-productive cough,,A cough that does not produce sputum.,CSSO_000106,,,,,Dry cough,
http://purl.jp/bio/11/csso/CSSO_000115,Eye discharge,やに眼|Discharge from eye|Sticky eye|Eye discharge,,false,,,http://purl.jp/bio/11/csso/CSSO_000017,やに眼|Discharge from eye|Sticky eye|Eye discharge,,,CSSO_000115,,,,,Eye discharge,
http://purl.jp/bio/11/csso/CSSO_000257,Gastric pain,胃痛|Gastralgia|Stomach pain,Pain in the stomach.,false,,,http://purl.jp/bio/11/csso/CSSO_000021,胃痛|Gastralgia|Stomach pain,,Pain in the stomach.,CSSO_000257,,,,,Gastric pain,
http://purl.jp/bio/11/csso/CSSO_000165,Muscle tone,筋緊張|Muscle tonus|Muscle tightness,"The slight, continuous contraction of a muscle.",false,,,http://purl.jp/bio/11/csso/CSSO_000035,筋緊張|Muscle tonus|Muscle tightness,,"The slight, continuous contraction of a muscle.",CSSO_000165,,,,,Muscle tone,
http://purl.jp/bio/11/csso/CSSO_000031,Liver symptom,肝臓の症状,,false,,,http://purl.jp/bio/11/csso/CSSO_000001,肝臓の症状,,,CSSO_000031,,,,,Liver symptom,
http://purl.jp/bio/11/csso/CSSO_000201,Sensory loss,感覚消失|Absence of sensation|Loss of sensation|Anesthesia,Total or partial loss of sensation.,false,,,http://purl.jp/bio/11/csso/CSSO_000042,感覚消失|Absence of sensation|Loss of sensation|Anesthesia,,Total or partial loss of sensation.,CSSO_000201,,,,,Sensory loss,
http://purl.jp/bio/11/csso/CSSO_000068,Bacteremia,菌血症|Bacteraemia,An invasion of the bloodstream by bacteria.,false,,,http://purl.jp/bio/11/csso/CSSO_000009,菌血症|Bacteraemia,,An invasion of the bloodstream by bacteria.,CSSO_000068,,,,,Bacteremia,
http://purl.jp/bio/11/csso/CSSO_000084,Burning on urination,排尿時灼熱感|Burning pain on urination|Scalding pain on urination,,false,,,http://purl.jp/bio/11/csso/CSSO_000110,排尿時灼熱感|Burning pain on urination|Scalding pain on urination,,,CSSO_000084,,,,,Burning on urination,
http://purl.jp/bio/11/csso/CSSO_000078,Bone pain,骨痛|Ostealgia|Osteodynia,A pain in a bone.,false,,,http://purl.jp/bio/11/csso/CSSO_000036,骨痛|Ostealgia|Osteodynia,,A pain in a bone.,CSSO_000078,,,,,Bone pain,
http://purl.jp/bio/11/csso/CSSO_000197,Respiratory failure,呼吸不全|Respiratory insufficiency,Any condition that affects breathing function or the lungs themselves and can result in failure of the lungs to function properly. ,false,,,http://purl.jp/bio/11/csso/CSSO_000041,呼吸不全|Respiratory insufficiency,,Any condition that affects breathing function or the lungs themselves and can result in failure of the lungs to function properly. ,CSSO_000197,,,,,Respiratory failure,
http://purl.jp/bio/11/csso/CSSO_000179,Paralysis,麻痺|Palsy|Muscular paralysis,Complete loss of strength in an affected limb or muscle group.,false,,,http://purl.jp/bio/11/csso/CSSO_000038,麻痺|Palsy|Muscular paralysis,,Complete loss of strength in an affected limb or muscle group.,CSSO_000179,,,,,Paralysis,
http://purl.jp/bio/11/csso/CSSO_000151,Liver pain,肝臓痛|Hepatic pain,,false,,,http://purl.jp/bio/11/csso/CSSO_000031,肝臓痛|Hepatic pain,,,CSSO_000151,,,,,Liver pain,
http://purl.jp/bio/11/csso/CSSO_000023,Head and neck symptom,頭と首の症状,,false,,,http://purl.jp/bio/11/csso/CSSO_000010,頭と首の症状,,,CSSO_000023,,,,,Head and neck symptom,
http://purl.jp/bio/11/csso/CSSO_000044,Sleep disturbance,睡眠障害|Sleep problem|Dyssomnia,Any condition that interferes with sleep. ,false,,,http://purl.jp/bio/11/csso/CSSO_000038,睡眠障害|Sleep problem|Dyssomnia,,Any condition that interferes with sleep. ,CSSO_000044,,,,,Sleep disturbance,
http://purl.jp/bio/11/csso/CSSO_000277,Hoarseness,嗄声|Hoarse voice,"An unnatural condition marked by a deep or rough, harsh, grating voice, indicating an inflammation of the throat and larynx.",false,,,http://purl.jp/bio/11/csso/CSSO_000045,嗄声|Hoarse voice,,"An unnatural condition marked by a deep or rough, harsh, grating voice, indicating an inflammation of the throat and larynx.",CSSO_000277,,,,,Hoarseness,
http://purl.jp/bio/11/csso/CSSO_000269,Thrombocytopenia,血小板減少症,An abnormal decrease in the number of platelets involved in the blood.,false,,,http://purl.jp/bio/11/csso/CSSO_000009,血小板減少症,,An abnormal decrease in the number of platelets involved in the blood.,CSSO_000269,,,,,Thrombocytopenia,
http://purl.jp/bio/11/csso/CSSO_000105,Drowsiness,眠気|Sleepiness|Somnolence,A state of impaired awareness associated with a desire or inclination to sleep. ,false,,,http://purl.jp/bio/11/csso/CSSO_000044,眠気|Sleepiness|Somnolence,,A state of impaired awareness associated with a desire or inclination to sleep. ,CSSO_000105,,,,,Drowsiness,
http://purl.jp/bio/11/csso/CSSO_000006,Abnormal heart beat,心拍数異常|Abnormal heart beats|Abnormalities of heart beat,,false,,,http://purl.jp/bio/11/csso/CSSO_000025,心拍数異常|Abnormal heart beats|Abnormalities of heart beat,,,CSSO_000006,,,,,Abnormal heart beat,
http://purl.jp/bio/11/csso/CSSO_000171,Necrosis,壊死|Cellular necrosis|Tissue devitalization,"The death of cells, a portion of tissue, or a portion of an organ due to permanent damage of some sort, such as loss of blood supply, bacterial toxins, or physical or chemical agents.",false,,,http://purl.jp/bio/11/csso/CSSO_000022,壊死|Cellular necrosis|Tissue devitalization,,"The death of cells, a portion of tissue, or a portion of an organ due to permanent damage of some sort, such as loss of blood supply, bacterial toxins, or physical or chemical agents.",CSSO_000171,,,,,Necrosis,
http://purl.jp/bio/11/csso/CSSO_000185,Pleuritic chest pain,胸膜痛|Pleuralgia|Pleuritic pain,Acute inflammation of the intercostal muscles and the muscular attachment of the diaphragm to the chest wall.,false,,,http://purl.jp/bio/11/csso/CSSO_000087,胸膜痛|Pleuralgia|Pleuritic pain,,Acute inflammation of the intercostal muscles and the muscular attachment of the diaphragm to the chest wall.,CSSO_000185,,,,,Pleuritic chest pain,
http://purl.jp/bio/11/csso/CSSO_000114,Eschar,焼痂,A hard crust or scab.,false,,,http://purl.jp/bio/11/csso/CSSO_000043,焼痂,,A hard crust or scab.,CSSO_000114,,,,,Eschar,
http://purl.jp/bio/11/csso/CSSO_000195,Regional adenopathy,限局性リンパ節症|Localized enlarged lymph nodes,,false,,,http://purl.jp/bio/11/csso/CSSO_000156,限局性リンパ節症|Localized enlarged lymph nodes,,,CSSO_000195,,,,,Regional adenopathy,
http://purl.jp/bio/11/csso/CSSO_000081,Induration of breast,乳房硬結|Breast hardness|Mastoscirrhus,,false,,,http://purl.jp/bio/11/csso/CSSO_000048,乳房硬結|Breast hardness|Mastoscirrhus,,,CSSO_000081,,,,,Induration of breast,
http://purl.jp/bio/11/csso/CSSO_000104,Dizziness,浮動性めまい,A sensation of faintness and whirling or an inability to maintain normal balance in a standing or seated position.,false,,,http://purl.jp/bio/11/csso/CSSO_000014,浮動性めまい,,A sensation of faintness and whirling or an inability to maintain normal balance in a standing or seated position.,CSSO_000104,,,,,Dizziness,
http://purl.jp/bio/11/csso/CSSO_000276,Drooling,よだれ,The unintended flow of saliva outside the mouth.,false,,,http://purl.jp/bio/11/csso/CSSO_000034,よだれ,,The unintended flow of saliva outside the mouth.,CSSO_000276,,,,,Drooling,
http://purl.jp/bio/11/csso/CSSO_000026,Hematic system symptom,血液システムの症状,,false,,,http://purl.jp/bio/11/csso/CSSO_000013,血液システムの症状,,,CSSO_000026,,,,,Hematic system symptom,
http://purl.jp/bio/11/csso/CSSO_000043,Skin symptom,皮膚の症状,,false,,,http://purl.jp/bio/11/csso/CSSO_000010,皮膚の症状,,,CSSO_000043,,,,,Skin symptom,
http://purl.jp/bio/11/csso/CSSO_000152,Loss of teeth,歯の脱落|Tooth loss,,false,,,http://purl.jp/bio/11/csso/CSSO_000034,歯の脱落|Tooth loss,,,CSSO_000152,,,,,Loss of teeth,
http://purl.jp/bio/11/csso/CSSO_000265,Skin induration,皮膚硬化|Induration of skin,,false,,,http://purl.jp/bio/11/csso/CSSO_000043,皮膚硬化|Induration of skin,,,CSSO_000265,,,,,Skin induration,
http://purl.jp/bio/11/csso/CSSO_000227,Throat pain,のどの痛み|Pain in throat|Throat soreness|Sore throat,"Inflammation of the throat, accompanied by dryness and pain. ",false,,,http://purl.jp/bio/11/csso/CSSO_000049,のどの痛み|Pain in throat|Throat soreness|Sore throat,,"Inflammation of the throat, accompanied by dryness and pain. ",CSSO_000227,,,,,Throat pain,
http://purl.jp/bio/11/csso/CSSO_000294,Skin tenderness,皮膚の圧痛,,false,,,http://purl.jp/bio/11/csso/CSSO_000043,皮膚の圧痛,,,CSSO_000294,,,,,Skin tenderness,
http://purl.jp/bio/11/csso/CSSO_000037,Neck symptom,頸部の症状,,false,,,http://purl.jp/bio/11/csso/CSSO_000023,頸部の症状,,,CSSO_000037,,,,,Neck symptom,
http://purl.jp/bio/11/csso/CSSO_000033,Bleeding mouth,口腔内出血|Hemorrhage from mouth|Oral hemorrhage,,false,,,http://purl.jp/bio/11/csso/CSSO_000034,口腔内出血|Hemorrhage from mouth|Oral hemorrhage,,,CSSO_000033,,,,,Bleeding mouth,
http://purl.jp/bio/11/csso/CSSO_000229,Toothache,歯痛|Tooth pain|Pain in tooth|Dentagra|Dentalgia|Odontalgia,Any pain or soreness within or around a tooth.,false,,,http://purl.jp/bio/11/csso/CSSO_000034,歯痛|Tooth pain|Pain in tooth|Dentagra|Dentalgia|Odontalgia,,Any pain or soreness within or around a tooth.,CSSO_000229,,,,,Toothache,
http://purl.jp/bio/11/csso/CSSO_000286,Heartburn,胸焼け|Pyrosis|Heart burn,"A burning sensation in the chest that can extend to the neck, throat, and face.",false,,,http://purl.jp/bio/11/csso/CSSO_000001,胸焼け|Pyrosis|Heart burn,,"A burning sensation in the chest that can extend to the neck, throat, and face.",CSSO_000286,,,,,Heartburn,
http://purl.jp/bio/11/csso/CSSO_000303,Growth retardation,発育遅延|Retarded growth|Growth suppression,A slower than normal pattern of growth.,false,,,http://purl.jp/bio/11/csso/CSSO_000272,発育遅延|Retarded growth|Growth suppression,2016-02-26,A slower than normal pattern of growth.,CSSO_000303,,,,,Growth retardation,
http://purl.jp/bio/11/csso/CSSO_000126,Swollen gums,歯肉腫脹|Gingival swelling|Gum swelling|Swelling of the gum,,false,,,http://purl.jp/bio/11/csso/CSSO_000034,歯肉腫脹|Gingival swelling|Gum swelling|Swelling of the gum,,,CSSO_000126,,,,,Swollen gums,
http://purl.jp/bio/11/csso/CSSO_000157,Lymphangitis,リンパ管炎|Inflammation of lymphatics,Inflammation of the lymphatic vessels.,false,,,http://purl.jp/bio/11/csso/CSSO_000032,リンパ管炎|Inflammation of lymphatics,,Inflammation of the lymphatic vessels.,CSSO_000157,,,,,Lymphangitis,
http://purl.jp/bio/11/csso/CSSO_000237,Vascular lesion,血管病変|Vascular lesions,,false,,,http://purl.jp/bio/11/csso/CSSO_000051,血管病変|Vascular lesions,,,CSSO_000237,,,,,Vascular lesion,
http://purl.jp/bio/11/csso/CSSO_000260,Nephritis,腎炎,An inflammation of the kidney.,false,,,http://purl.jp/bio/11/csso/CSSO_000050,腎炎,,An inflammation of the kidney.,CSSO_000260,,,,,Nephritis,
http://purl.jp/bio/11/csso/CSSO_000047,Stiffness,こわばり感,,false,,,http://purl.jp/bio/11/csso/CSSO_000022,こわばり感,,,CSSO_000047,,,,,Stiffness,
http://purl.jp/bio/11/csso/CSSO_000017,Eye symptom,目の症状,,false,,,http://purl.jp/bio/11/csso/CSSO_000024,目の症状,,,CSSO_000017,,,,,Eye symptom,
http://purl.jp/bio/11/csso/CSSO_000101,Diaphoresis,発汗|Perspiration|Hidropoiesis|Sweating,"The secretion of sweat, especially the profuse secretion associated with an elevated body temperature, physical exertion, exposure to heat, and mental or emotional stress.",false,,,http://purl.jp/bio/11/csso/CSSO_000022,発汗|Perspiration|Hidropoiesis|Sweating,,"The secretion of sweat, especially the profuse secretion associated with an elevated body temperature, physical exertion, exposure to heat, and mental or emotional stress.",CSSO_000101,,,,,Diaphoresis,
http://purl.jp/bio/11/csso/CSSO_000135,Impotence,勃起不全|Failure of erection|Erectile dysfunction,The inability to achieve or maintain an erection long enough to engage in sexual intercourse.,false,,,http://purl.jp/bio/11/csso/CSSO_000300,勃起不全|Failure of erection|Erectile dysfunction,,The inability to achieve or maintain an erection long enough to engage in sexual intercourse.,CSSO_000135,,,,,Impotence,
http://purl.jp/bio/11/csso/CSSO_000211,Sputum,喀痰|Sputum production|Expectoration,"The substance that is brought up from the lungs and airway when a person coughs or spits. It is a mixture of saliva and mucus, and may contains may blood or pus.",false,,,http://purl.jp/bio/11/csso/CSSO_000041,喀痰|Sputum production|Expectoration,,"The substance that is brought up from the lungs and airway when a person coughs or spits. It is a mixture of saliva and mucus, and may contains may blood or pus.",CSSO_000211,,,,,Sputum,
http://purl.jp/bio/11/csso/CSSO_000218,Swelling of skin,皮膚腫脹,,false,,,http://purl.jp/bio/11/csso/CSSO_000043,皮膚腫脹,,,CSSO_000218,,,,,Swelling of skin,
http://purl.jp/bio/11/csso/CSSO_000270,Urethritis,尿道炎,An inflammation of the urethra that is usually caused by an infection.,false,,,http://purl.jp/bio/11/csso/CSSO_000050,尿道炎,,An inflammation of the urethra that is usually caused by an infection.,CSSO_000270,,,,,Urethritis,
http://purl.jp/bio/11/csso/CSSO_000002,Abdominal symptom,腹部の症状,,false,,,http://purl.jp/bio/11/csso/CSSO_000001,腹部の症状,,,CSSO_000002,,,,,Abdominal symptom,
http://purl.jp/bio/11/csso/CSSO_000274,Polydipsia,多飲症|Excessive thirst,Excessive or abnormal thirst.,false,,,http://purl.jp/bio/11/csso/CSSO_000020,多飲症|Excessive thirst,,Excessive or abnormal thirst.,CSSO_000274,,,,,Polydipsia,
http://purl.jp/bio/11/csso/CSSO_000178,Papulovesicular rash,丘疹水疱性発疹,,false,,,http://purl.jp/bio/11/csso/CSSO_000192,丘疹水疱性発疹,,,CSSO_000178,,,,,Papulovesicular rash,
http://purl.jp/bio/11/csso/CSSO_000184,Pleural effusion,胸水,An exudation of fluid from the blood or lymph into a pleural cavity.,false,,,http://purl.jp/bio/11/csso/CSSO_000012,胸水,,An exudation of fluid from the blood or lymph into a pleural cavity.,CSSO_000184,,,,,Pleural effusion,
http://purl.jp/bio/11/csso/CSSO_000194,Rectorrhagia,直腸出血|Hemorrhage of rectum|Proctorrhagia|Rectal bleeding,,false,,,http://purl.jp/bio/11/csso/CSSO_000021,直腸出血|Hemorrhage of rectum|Proctorrhagia|Rectal bleeding,,,CSSO_000194,,,,,Rectorrhagia,
http://purl.jp/bio/11/csso/CSSO_000204,Severe pain,激しい痛み|Intense pain,,false,,,http://purl.jp/bio/11/csso/CSSO_000176,激しい痛み|Intense pain,,,CSSO_000204,,,,,Severe pain,
http://purl.jp/bio/11/csso/CSSO_000082,Breast pain,乳房痛|Pain of breast|Mastalgia|Mastodynia|Painful breasts,,false,,,http://purl.jp/bio/11/csso/CSSO_000048,乳房痛|Pain of breast|Mastalgia|Mastodynia|Painful breasts,,,CSSO_000082,,,,,Breast pain,
http://purl.jp/bio/11/csso/CSSO_000154,Low grade fever,微熱|Low-grade fever|Slight fever|Mild pyrexia|Low fever|Mild fever,Low-grade fever is a fever that does not exceed 38.5 degree centrigrade.,false,,,http://purl.jp/bio/11/csso/CSSO_000121,微熱|Low-grade fever|Slight fever|Mild pyrexia|Low fever|Mild fever,,Low-grade fever is a fever that does not exceed 38.5 degree centrigrade.,CSSO_000154,,,,,Low grade fever,
http://purl.jp/bio/11/csso/CSSO_000096,Hypochlorhydria,低塩酸症|Decreased gastric acidity|Hypoacidity,Decreased gastric acid secretion.,false,,,http://purl.jp/bio/11/csso/CSSO_000021,低塩酸症|Decreased gastric acidity|Hypoacidity,,Decreased gastric acid secretion.,CSSO_000096,,,,,Hypochlorhydria,
http://purl.jp/bio/11/csso/CSSO_000177,Papule,丘疹|Papula|Papulae|Papular lesion,A small hard elevation of the skin.,false,,,http://purl.jp/bio/11/csso/CSSO_000192,丘疹|Papula|Papulae|Papular lesion,,A small hard elevation of the skin.,CSSO_000177,,,,,Papule,
http://purl.jp/bio/11/csso/CSSO_000258,Hemoptysis,喀血|Coughing up blood,The coughing up of blood or bloody sputum from the lungs or airway.,false,,,http://purl.jp/bio/11/csso/CSSO_000041,喀血|Coughing up blood,,The coughing up of blood or bloody sputum from the lungs or airway.,CSSO_000258,,,,,Hemoptysis,
http://purl.jp/bio/11/csso/CSSO_000036,Musculoskeletal system symptom,筋骨格システムの症状,,false,,,http://purl.jp/bio/11/csso/CSSO_000010,筋骨格システムの症状,,,CSSO_000036,,,,,Musculoskeletal system symptom,
http://purl.jp/bio/11/csso/CSSO_000015,Discharge,分泌,,false,,,http://purl.jp/bio/11/csso/CSSO_000022,分泌,,,CSSO_000015,,,,,Discharge,
http://purl.jp/bio/11/csso/CSSO_000225,Tenderness,圧痛|Sore to touch|Tender pain,Discomfort elicited through palpation indicates unusual sensitivity to pressure or touch.,false,,,http://purl.jp/bio/11/csso/CSSO_000176,圧痛|Sore to touch|Tender pain,,Discomfort elicited through palpation indicates unusual sensitivity to pressure or touch.,CSSO_000225,,,,,Tenderness,
