ID,Name,Definition,Synonyms,Xrefs,Is_Obsolete,Related_Diseases
DOID:10035,"Neurosyphilis, Asymptomatic",,"""Asymptomatic neurosyphilis"" EXACT [ICD9CM_2006:094.3]; ""Asymptomatic neurosyphilis (disorder)"" EXACT [SNOMEDCT_2005_07_31:37754005]",ICD9CM_1986:094.3; ICD9CM_1987:094.3; ICD9CM_1988:094.3; ICD9CM_1989:094.3; ICD9CM_1990:094.3; ICD9CM_1991:094.3; ICD9CM_1992:094.3; ICD9CM_1993:094.3; ICD9CM_1994:094.3; ICD9CM_1995:094.3; ICD9CM_1996:094.3; ICD9CM_1997:094.3; ICD9CM_1998:094.3; ICD9CM_1999:094.3; ICD9CM_2000:094.3; ICD9CM_2001:094.3; ICD9CM_2002:094.3; ICD9CM_2003:094.3; ICD9CM_2004:094.3; ICD9CM_2005:094.3; ICD9CM_2006:094.3; MSH2006_2005_11_15:D009494; SNOMEDCT_2005_01_31:37754005; UMLS_CUI:C0153167; UMLS_ICD9CM_2005_AUI:A0268294; UMLS_ICD9CM_2006_AUI:A8342958; UMLS_SNOMEDCT_2005_01_31_AUI:A2891224; UMLS_SNOMEDCT_2005_01_31_AUI:A3728453; UMLS_ST:T047,False,
DOID:10365,"Light-for-dates with signs of fetal malnutrition, 500-749 grams",,,ICD9CM_1988:764.12; ICD9CM_1989:764.12; ICD9CM_1990:764.12; ICD9CM_1991:764.12; ICD9CM_1992:764.12; ICD9CM_1993:764.12; ICD9CM_1994:764.12; ICD9CM_1995:764.12; ICD9CM_1996:764.12; ICD9CM_1997:764.12; ICD9CM_1998:764.12; ICD9CM_1999:764.12; ICD9CM_2000:764.12; ICD9CM_2001:764.12; ICD9CM_2002:764.12; ICD9CM_2003:764.12; ICD9CM_2004:764.12; ICD9CM_2005:764.12; ICD9CM_2006:764.12; UMLS_CUI:C0158864; UMLS_ICD9CM_2005_AUI:A0283691; UMLS_ICD9CM_2006_AUI:A8348539; UMLS_MTHICD9_2005_AUI:A1572990; UMLS_ST:T047,False,
DOID:11473,Osteoarthrosis involving multiple sites but not designated as generalized,,,ICD9CM_1986:715.8; ICD9CM_1986:715.80; ICD9CM_1986:715.89; ICD9CM_1987:715.8; ICD9CM_1987:715.80; ICD9CM_1987:715.89; ICD9CM_1988:715.8; ICD9CM_1988:715.80; ICD9CM_1988:715.89; ICD9CM_1989:715.8; ICD9CM_1989:715.80; ICD9CM_1989:715.89; ICD9CM_1990:715.8; ICD9CM_1990:715.80; ICD9CM_1990:715.89; ICD9CM_1991:715.8; ICD9CM_1991:715.80; ICD9CM_1991:715.89; ICD9CM_1992:715.8; ICD9CM_1992:715.80; ICD9CM_1992:715.89; ICD9CM_1993:715.8; ICD9CM_1993:715.80; ICD9CM_1993:715.89; ICD9CM_1994:715.8; ICD9CM_1994:715.80; ICD9CM_1994:715.89; ICD9CM_1995:715.8; ICD9CM_1995:715.80; ICD9CM_1995:715.89; ICD9CM_1996:715.8; ICD9CM_1996:715.80; ICD9CM_1996:715.89; ICD9CM_1997:715.8; ICD9CM_1997:715.80; ICD9CM_1997:715.89; ICD9CM_1998:715.8; ICD9CM_1998:715.80; ICD9CM_1998:715.89; ICD9CM_1999:715.8; ICD9CM_1999:715.80; ICD9CM_1999:715.89; ICD9CM_2000:715.8; ICD9CM_2000:715.80; ICD9CM_2000:715.89; ICD9CM_2001:715.8; ICD9CM_2001:715.80; ICD9CM_2001:715.89; ICD9CM_2002:715.8; ICD9CM_2002:715.80; ICD9CM_2002:715.89; ICD9CM_2003:715.8; ICD9CM_2003:715.80; ICD9CM_2003:715.89; ICD9CM_2004:715.8; ICD9CM_2004:715.80; ICD9CM_2004:715.89; ICD9CM_2005:715.8; ICD9CM_2005:715.80; ICD9CM_2005:715.89; ICD9CM_2006:715.80; SNOMEDCT_2005_01_31:33262002; UMLS_CUI:C0157957; UMLS_CUI:C0157958; UMLS_CUI:C0263774; UMLS_ICD9CM_2005_AUI:A0281558; UMLS_ICD9CM_2005_AUI:A0281560; UMLS_ICD9CM_2005_AUI:A0281561; UMLS_ICD9CM_2006_AUI:A8347645; UMLS_SNOMEDCT_2005_01_31_AUI:A2975548; UMLS_SNOMEDCT_2005_01_31_AUI:A3604457; UMLS_SNOMEDCT_2005_01_31_AUI:A3604458; UMLS_ST:T047,False,
DOID:11687,"Light-for-dates with signs of fetal malnutrition, 2,500+ grams",,,ICD9CM_1988:764.19; ICD9CM_1989:764.19; ICD9CM_1990:764.19; ICD9CM_1991:764.19; ICD9CM_1992:764.19; ICD9CM_1993:764.19; ICD9CM_1994:764.19; ICD9CM_1995:764.19; ICD9CM_1996:764.19; ICD9CM_1997:764.19; ICD9CM_1998:764.19; ICD9CM_1999:764.19; ICD9CM_2000:764.19; ICD9CM_2001:764.19; ICD9CM_2002:764.19; ICD9CM_2003:764.19; ICD9CM_2004:764.19; ICD9CM_2005:764.19; ICD9CM_2006:764.19; UMLS_CUI:C0158871; UMLS_ICD9CM_2005_AUI:A0283698; UMLS_ICD9CM_2006_AUI:A8348546; UMLS_MTHICD9_2005_AUI:A1572873; UMLS_ST:T047,False,
DOID:11688,"Light-for-dates with signs of fetal malnutrition, 750-999 grams",,,ICD9CM_1988:764.13; ICD9CM_1989:764.13; ICD9CM_1990:764.13; ICD9CM_1991:764.13; ICD9CM_1992:764.13; ICD9CM_1993:764.13; ICD9CM_1994:764.13; ICD9CM_1995:764.13; ICD9CM_1996:764.13; ICD9CM_1997:764.13; ICD9CM_1998:764.13; ICD9CM_1999:764.13; ICD9CM_2000:764.13; ICD9CM_2001:764.13; ICD9CM_2002:764.13; ICD9CM_2003:764.13; ICD9CM_2004:764.13; ICD9CM_2005:764.13; ICD9CM_2006:764.13; UMLS_CUI:C0158865; UMLS_ICD9CM_2005_AUI:A0283692; UMLS_ICD9CM_2006_AUI:A8348540; UMLS_MTHICD9_2005_AUI:A1573017; UMLS_ST:T047,False,
DOID:11689,"Light-for-dates with signs of fetal malnutrition, 2,000- 2,499 grams",,,ICD9CM_1988:764.18; ICD9CM_1989:764.18; ICD9CM_1990:764.18; ICD9CM_1991:764.18; ICD9CM_1992:764.18; ICD9CM_1993:764.18; ICD9CM_1994:764.18; ICD9CM_1995:764.18; ICD9CM_1996:764.18; ICD9CM_1997:764.18; ICD9CM_1998:764.18; ICD9CM_1999:764.18; ICD9CM_2000:764.18; ICD9CM_2001:764.18; ICD9CM_2002:764.18; ICD9CM_2003:764.18; ICD9CM_2004:764.18; ICD9CM_2005:764.18; ICD9CM_2006:764.18; UMLS_CUI:C0158870; UMLS_ICD9CM_2005_AUI:A0283697; UMLS_ICD9CM_2006_AUI:A8348545; UMLS_MTHICD9_2005_AUI:A1864160; UMLS_ST:T047,False,
DOID:11690,"Light-for-dates with signs of fetal malnutrition, 1,000- 1,249 grams",,,ICD9CM_1988:764.14; ICD9CM_1989:764.14; ICD9CM_1990:764.14; ICD9CM_1991:764.14; ICD9CM_1992:764.14; ICD9CM_1993:764.14; ICD9CM_1994:764.14; ICD9CM_1995:764.14; ICD9CM_1996:764.14; ICD9CM_1997:764.14; ICD9CM_1998:764.14; ICD9CM_1999:764.14; ICD9CM_2000:764.14; ICD9CM_2001:764.14; ICD9CM_2002:764.14; ICD9CM_2003:764.14; ICD9CM_2004:764.14; ICD9CM_2005:764.14; ICD9CM_2006:764.14; UMLS_CUI:C0158866; UMLS_ICD9CM_2005_AUI:A0283693; UMLS_ICD9CM_2006_AUI:A8348541; UMLS_MTHICD9_2005_AUI:A1864157; UMLS_ST:T047,False,
DOID:11691,"Light-for-dates with signs of fetal malnutrition, less than 500 grams",,,ICD9CM_1988:764.11; ICD9CM_1989:764.11; ICD9CM_1990:764.11; ICD9CM_1991:764.11; ICD9CM_1992:764.11; ICD9CM_1993:764.11; ICD9CM_1994:764.11; ICD9CM_1995:764.11; ICD9CM_1996:764.11; ICD9CM_1997:764.11; ICD9CM_1998:764.11; ICD9CM_1999:764.11; ICD9CM_2000:764.11; ICD9CM_2001:764.11; ICD9CM_2002:764.11; ICD9CM_2003:764.11; ICD9CM_2004:764.11; ICD9CM_2005:764.11; ICD9CM_2006:764.11; UMLS_CUI:C0158863; UMLS_ICD9CM_2005_AUI:A0283690; UMLS_ICD9CM_2006_AUI:A8348538; UMLS_MTHICD9_2005_AUI:A1572996; UMLS_ST:T047,False,
DOID:11692,"Light-for-dates with signs of fetal malnutrition, 1,250- 1,499 grams",,,ICD9CM_1988:764.15; ICD9CM_1989:764.15; ICD9CM_1990:764.15; ICD9CM_1991:764.15; ICD9CM_1992:764.15; ICD9CM_1993:764.15; ICD9CM_1994:764.15; ICD9CM_1995:764.15; ICD9CM_1996:764.15; ICD9CM_1997:764.15; ICD9CM_1998:764.15; ICD9CM_1999:764.15; ICD9CM_2000:764.15; ICD9CM_2001:764.15; ICD9CM_2002:764.15; ICD9CM_2003:764.15; ICD9CM_2004:764.15; ICD9CM_2005:764.15; ICD9CM_2006:764.15; UMLS_CUI:C0158867; UMLS_ICD9CM_2005_AUI:A0283694; UMLS_ICD9CM_2006_AUI:A8348542; UMLS_MTHICD9_2005_AUI:A1864163; UMLS_ST:T047,False,
DOID:11969,Symptomatic states associated with artificial menopause,,,ICD9CM_1986:627.4; ICD9CM_1987:627.4; ICD9CM_1988:627.4; ICD9CM_1989:627.4; ICD9CM_1990:627.4; ICD9CM_1991:627.4; ICD9CM_1992:627.4; ICD9CM_1993:627.4; ICD9CM_1994:627.4; ICD9CM_1995:627.4; ICD9CM_1996:627.4; ICD9CM_1997:627.4; ICD9CM_1998:627.4; ICD9CM_1999:627.4; ICD9CM_2000:627.4; ICD9CM_2001:627.4; ICD9CM_2002:627.4; ICD9CM_2003:627.4; ICD9CM_2004:627.4; ICD9CM_2005:627.4; ICD9CM_2006:627.4; UMLS_CUI:C1135337; UMLS_ICD9CM_2005_AUI:A2358831; UMLS_ICD9CM_2006_AUI:A8377803; UMLS_ST:T047,False,
DOID:11970,Symptomatic menopausal or female climacteric states,,,ICD9CM_1986:627.2; ICD9CM_1987:627.2; ICD9CM_1988:627.2; ICD9CM_1989:627.2; ICD9CM_1990:627.2; ICD9CM_1991:627.2; ICD9CM_1992:627.2; ICD9CM_1993:627.2; ICD9CM_1994:627.2; ICD9CM_1995:627.2; ICD9CM_1996:627.2; ICD9CM_1997:627.2; ICD9CM_1998:627.2; ICD9CM_1999:627.2; ICD9CM_2000:627.2; ICD9CM_2001:627.2; ICD9CM_2002:627.2; ICD9CM_2003:627.2; ICD9CM_2004:627.2; ICD9CM_2005:627.2; ICD9CM_2006:627.2; UMLS_CUI:C1135336; UMLS_ICD9CM_2005_AUI:A2358830; UMLS_ICD9CM_2006_AUI:A8377802; UMLS_ST:T047,False,
DOID:12138,Late symptomatic syphilis NOS,,"""Late symptomatic syphilis NOS (disorder)"" EXACT [SNOMEDCT_2005_07_31:186902001]; ""Late symptomatic syphilis, unspecified"" EXACT [ICD9CM_2006:095.9]",ICD9CM_1986:095.9; ICD9CM_1987:095.9; ICD9CM_1988:095.9; ICD9CM_1989:095.9; ICD9CM_1990:095.9; ICD9CM_1991:095.9; ICD9CM_1992:095.9; ICD9CM_1993:095.9; ICD9CM_1994:095.9; ICD9CM_1995:095.9; ICD9CM_1996:095.9; ICD9CM_1997:095.9; ICD9CM_1998:095.9; ICD9CM_1999:095.9; ICD9CM_2000:095.9; ICD9CM_2001:095.9; ICD9CM_2002:095.9; ICD9CM_2003:095.9; ICD9CM_2004:095.9; ICD9CM_2005:095.9; ICD9CM_2006:095.9; SNOMEDCT_2005_01_31:186902001; UMLS_CUI:C0153185; UMLS_ICD9CM_2005_AUI:A0730277; UMLS_ICD9CM_2006_AUI:A8360277; UMLS_SNOMEDCT_2005_01_31_AUI:A3037599; UMLS_SNOMEDCT_2005_01_31_AUI:A3533495; UMLS_ST:T047,False,
DOID:12261,Asymptomatic varicose veins,,,ICD9CM_1986:454.9; ICD9CM_1987:454.9; ICD9CM_1988:454.9; ICD9CM_1989:454.9; ICD9CM_1990:454.9; ICD9CM_1991:454.9; ICD9CM_1992:454.9; ICD9CM_1993:454.9; ICD9CM_1994:454.9; ICD9CM_1995:454.9; ICD9CM_1996:454.9; ICD9CM_1997:454.9; ICD9CM_1998:454.9; ICD9CM_1999:454.9; ICD9CM_2000:454.9; ICD9CM_2001:454.9; ICD9CM_2002:454.9; ICD9CM_2003:454.9; ICD9CM_2004:454.9; ICD9CM_2005:454.9; ICD9CM_2006:454.9; UMLS_CUI:C1135335; UMLS_ICD9CM_2005_AUI:A2358592; UMLS_ICD9CM_2006_AUI:A8377579; UMLS_ST:T047,False,
DOID:12606,Symptomatic inflammatory myopathy in disease EC,,"""Symptomatic inflammatory myopathy in disease EC (disorder)"" EXACT [SNOMEDCT_2005_07_31:193246009]; ""Symptomatic inflammatory myopathy in diseases classified elsewhere"" EXACT [ICD9CM_2006:359.6]",ICD9CM_1986:359.6; ICD9CM_1987:359.6; ICD9CM_1988:359.6; ICD9CM_1989:359.6; ICD9CM_1990:359.6; ICD9CM_1991:359.6; ICD9CM_1992:359.6; ICD9CM_1993:359.6; ICD9CM_1994:359.6; ICD9CM_1995:359.6; ICD9CM_1996:359.6; ICD9CM_1997:359.6; ICD9CM_1998:359.6; ICD9CM_1999:359.6; ICD9CM_2000:359.6; ICD9CM_2001:359.6; ICD9CM_2002:359.6; ICD9CM_2003:359.6; ICD9CM_2004:359.6; ICD9CM_2005:359.6; ICD9CM_2006:359.6; SNOMEDCT_2005_01_31:193246009; UMLS_CUI:C0154771; UMLS_ICD9CM_2005_AUI:A0273143; UMLS_ICD9CM_2006_AUI:A8344465; UMLS_SNOMEDCT_2005_01_31_AUI:A3207711; UMLS_SNOMEDCT_2005_01_31_AUI:A3744278; UMLS_ST:T047,False,
DOID:12674,Adjustment reaction with physical symptoms,,"""Adjustment reaction with physical symptoms (disorder)"" EXACT [SNOMEDCT_2005_07_31:192063005]",ICD9CM_1986:309.82; ICD9CM_1987:309.82; ICD9CM_1988:309.82; ICD9CM_1989:309.82; ICD9CM_1990:309.82; ICD9CM_1991:309.82; ICD9CM_1992:309.82; ICD9CM_1993:309.82; ICD9CM_1994:309.82; ICD9CM_1995:309.82; ICD9CM_1996:309.82; ICD9CM_1997:309.82; ICD9CM_1998:309.82; ICD9CM_1999:309.82; ICD9CM_2000:309.82; ICD9CM_2001:309.82; ICD9CM_2002:309.82; ICD9CM_2003:309.82; ICD9CM_2004:309.82; ICD9CM_2005:309.82; ICD9CM_2006:309.82; SNOMEDCT_2005_01_31:192063005; UMLS_CUI:C0154594; UMLS_ICD9CM_2005_AUI:A0272649; UMLS_ICD9CM_2006_AUI:A8344292; UMLS_SNOMEDCT_2005_01_31_AUI:A2892136; UMLS_SNOMEDCT_2005_01_31_AUI:A3490590; UMLS_ST:T048,False,
DOID:12947,Asymptomatic bacteriuria antepartum,,,ICD9CM_1986:646.5; ICD9CM_1986:646.50; ICD9CM_1986:646.52; ICD9CM_1986:646.53; ICD9CM_1987:646.5; ICD9CM_1987:646.50; ICD9CM_1987:646.52; ICD9CM_1987:646.53; ICD9CM_1988:646.5; ICD9CM_1988:646.50; ICD9CM_1988:646.52; ICD9CM_1988:646.53; ICD9CM_1989:646.5; ICD9CM_1989:646.50; ICD9CM_1989:646.52; ICD9CM_1989:646.53; ICD9CM_1990:646.5; ICD9CM_1990:646.50; ICD9CM_1990:646.52; ICD9CM_1990:646.53; ICD9CM_1991:646.5; ICD9CM_1991:646.50; ICD9CM_1991:646.52; ICD9CM_1991:646.53; ICD9CM_1992:646.5; ICD9CM_1992:646.50; ICD9CM_1992:646.52; ICD9CM_1992:646.53; ICD9CM_1993:646.5; ICD9CM_1993:646.50; ICD9CM_1993:646.52; ICD9CM_1993:646.53; ICD9CM_1994:646.5; ICD9CM_1994:646.50; ICD9CM_1994:646.52; ICD9CM_1994:646.53; ICD9CM_1995:646.5; ICD9CM_1995:646.50; ICD9CM_1995:646.52; ICD9CM_1995:646.53; ICD9CM_1996:646.5; ICD9CM_1996:646.50; ICD9CM_1996:646.52; ICD9CM_1996:646.53; ICD9CM_1997:646.5; ICD9CM_1997:646.50; ICD9CM_1997:646.52; ICD9CM_1997:646.53; ICD9CM_1998:646.5; ICD9CM_1998:646.50; ICD9CM_1998:646.52; ICD9CM_1998:646.53; ICD9CM_1999:646.5; ICD9CM_1999:646.50; ICD9CM_1999:646.52; ICD9CM_1999:646.53; ICD9CM_2000:646.5; ICD9CM_2000:646.50; ICD9CM_2000:646.52; ICD9CM_2000:646.53; ICD9CM_2001:646.5; ICD9CM_2001:646.50; ICD9CM_2001:646.52; ICD9CM_2001:646.53; ICD9CM_2002:646.5; ICD9CM_2002:646.50; ICD9CM_2002:646.52; ICD9CM_2002:646.53; ICD9CM_2003:646.5; ICD9CM_2003:646.50; ICD9CM_2003:646.52; ICD9CM_2003:646.53; ICD9CM_2004:646.5; ICD9CM_2004:646.50; ICD9CM_2004:646.52; ICD9CM_2004:646.53; ICD9CM_2005:646.5; ICD9CM_2005:646.50; ICD9CM_2005:646.52; ICD9CM_2005:646.53; ICD9CM_2006:646.52; SNOMEDCT_2005_01_31:199098007; SNOMEDCT_2005_01_31:199103009; SNOMEDCT_2005_01_31:31563000; UMLS_CUI:C0156750; UMLS_CUI:C0156753; UMLS_ICD9CM_2005_AUI:A0279107; UMLS_ICD9CM_2005_AUI:A0279110; UMLS_ICD9CM_2005_AUI:A0279114; UMLS_ICD9CM_2005_AUI:A0279116; UMLS_ICD9CM_2006_AUI:A8346452; UMLS_SNOMEDCT_2005_01_31_AUI:A2893682; UMLS_SNOMEDCT_2005_01_31_AUI:A3098797; UMLS_SNOMEDCT_2005_01_31_AUI:A3098798; UMLS_SNOMEDCT_2005_01_31_AUI:A3728078; UMLS_SNOMEDCT_2005_01_31_AUI:A3728153; UMLS_SNOMEDCT_2005_01_31_AUI:A3728174; UMLS_ST:T047,False,
DOID:12948,"Asymptomatic bacteriuria in pregnancy, with delivery",,,ICD9CM_1986:646.51; ICD9CM_1987:646.51; ICD9CM_1988:646.51; ICD9CM_1989:646.51; ICD9CM_1990:646.51; ICD9CM_1991:646.51; ICD9CM_1992:646.51; ICD9CM_1993:646.51; ICD9CM_1994:646.51; ICD9CM_1995:646.51; ICD9CM_1996:646.51; ICD9CM_1997:646.51; ICD9CM_1998:646.51; ICD9CM_1999:646.51; ICD9CM_2000:646.51; ICD9CM_2001:646.51; ICD9CM_2002:646.51; ICD9CM_2003:646.51; ICD9CM_2004:646.51; ICD9CM_2005:646.51; ICD9CM_2006:646.51; UMLS_CUI:C0156752; UMLS_ICD9CM_2005_AUI:A0279112; UMLS_ICD9CM_2006_AUI:A8346451; UMLS_ST:T047,False,
DOID:12949,Asymptomatic bacteriuria postpartum,,,ICD9CM_1986:646.54; ICD9CM_1987:646.54; ICD9CM_1988:646.54; ICD9CM_1989:646.54; ICD9CM_1990:646.54; ICD9CM_1991:646.54; ICD9CM_1992:646.54; ICD9CM_1993:646.54; ICD9CM_1994:646.54; ICD9CM_1995:646.54; ICD9CM_1996:646.54; ICD9CM_1997:646.54; ICD9CM_1998:646.54; ICD9CM_1999:646.54; ICD9CM_2000:646.54; ICD9CM_2001:646.54; ICD9CM_2002:646.54; ICD9CM_2003:646.54; ICD9CM_2004:646.54; ICD9CM_2005:646.54; ICD9CM_2006:646.54; UMLS_CUI:C0156755; UMLS_ICD9CM_2005_AUI:A0279118; UMLS_ICD9CM_2006_AUI:A8346454; UMLS_ST:T047,False,
DOID:13632,"Early congenital syphilis, symptomatic",,"""Early congenital syphilis with symptoms"" EXACT [SNOMEDCT_2005_07_31:186832005]; ""Early congenital syphilis with symptoms (disorder)"" EXACT [SNOMEDCT_2005_07_31:266125005]",ICD9CM_1986:090.0; ICD9CM_1987:090.0; ICD9CM_1988:090.0; ICD9CM_1989:090.0; ICD9CM_1990:090.0; ICD9CM_1991:090.0; ICD9CM_1992:090.0; ICD9CM_1993:090.0; ICD9CM_1994:090.0; ICD9CM_1995:090.0; ICD9CM_1996:090.0; ICD9CM_1997:090.0; ICD9CM_1998:090.0; ICD9CM_1999:090.0; ICD9CM_2000:090.0; ICD9CM_2001:090.0; ICD9CM_2002:090.0; ICD9CM_2003:090.0; ICD9CM_2004:090.0; ICD9CM_2005:090.0; ICD9CM_2006:090.0; SNOMEDCT_2005_01_31:266125005; UMLS_CUI:C0343666; UMLS_ICD9CM_2005_AUI:A0268174; UMLS_ICD9CM_2006_AUI:A8342922; UMLS_SNOMEDCT_2005_01_31_AUI:A3017372; UMLS_SNOMEDCT_2005_01_31_AUI:A3409311; UMLS_ST:T047,False,
DOID:14164,Symptomatic torsion dystonia,,"""Symptomatic torsion dystonia (disorder)"" EXACT [SNOMEDCT_2005_07_31:55776008]; ""Symptomatic torsion dystonia NOS (disorder)"" EXACT [SNOMEDCT_2005_07_31:192858005]",ICD9CM_1986:333.7; ICD9CM_1987:333.7; ICD9CM_1988:333.7; ICD9CM_1989:333.7; ICD9CM_1990:333.7; ICD9CM_1991:333.7; ICD9CM_1992:333.7; ICD9CM_1993:333.7; ICD9CM_1994:333.7; ICD9CM_1995:333.7; ICD9CM_1996:333.7; ICD9CM_1997:333.7; ICD9CM_1998:333.7; ICD9CM_1999:333.7; ICD9CM_2000:333.7; ICD9CM_2001:333.7; ICD9CM_2002:333.7; ICD9CM_2003:333.7; ICD9CM_2004:333.7; ICD9CM_2005:333.7; ICD9CM_2006:333.7; SNOMEDCT_2005_01_31:192858005; SNOMEDCT_2005_01_31:55776008; UMLS_CUI:C0154674; UMLS_ICD9CM_2005_AUI:A0272842; UMLS_ICD9CM_2006_AUI:A8344369; UMLS_SNOMEDCT_2005_01_31_AUI:A2892181; UMLS_SNOMEDCT_2005_01_31_AUI:A3075133; UMLS_SNOMEDCT_2005_01_31_AUI:A3744288; UMLS_SNOMEDCT_2005_01_31_AUI:A3744289; UMLS_ST:T047,False,
DOID:1766,Factitious disorder with predominantly psychological signs and symptoms,,"""Factitious disorder with psychological symptoms-RETIRED-"" EXACT [SNOMEDCT_2005_07_31:31122002]",ICD9CM_1986:300.16; ICD9CM_1987:300.16; ICD9CM_1988:300.16; ICD9CM_1989:300.16; ICD9CM_1990:300.16; ICD9CM_1991:300.16; ICD9CM_1992:300.16; ICD9CM_1993:300.16; ICD9CM_1994:300.16; ICD9CM_1995:300.16; ICD9CM_1996:300.16; ICD9CM_1997:300.16; ICD9CM_1998:300.16; ICD9CM_1999:300.16; ICD9CM_2000:300.16; ICD9CM_2001:300.16; ICD9CM_2002:300.16; ICD9CM_2003:300.16; ICD9CM_2004:300.16; ICD9CM_2005:300.16; ICD9CM_2006:300.16; UMLS_CUI:C0015481; UMLS_ICD9CM_2005_AUI:A6994766; UMLS_ICD9CM_2006_AUI:A8365644; UMLS_ST:T048,False,
DOID:2954,"Light-for-dates with signs of fetal malnutrition, 1,750 1,999 grams",,,ICD9CM_1988:764.17; ICD9CM_1989:764.17; ICD9CM_1990:764.17; ICD9CM_1991:764.17; ICD9CM_1992:764.17; ICD9CM_1993:764.17; ICD9CM_1994:764.17; ICD9CM_1995:764.17; ICD9CM_1996:764.17; ICD9CM_1997:764.17; ICD9CM_1998:764.17; ICD9CM_1999:764.17; ICD9CM_2000:764.17; ICD9CM_2001:764.17; ICD9CM_2002:764.17; ICD9CM_2003:764.17; ICD9CM_2004:764.17; ICD9CM_2005:764.17; ICD9CM_2006:764.17; UMLS_CUI:C0158869; UMLS_ICD9CM_2005_AUI:A0283696; UMLS_ICD9CM_2006_AUI:A8348544; UMLS_MTHICD9_2005_AUI:A1864169; UMLS_ST:T047,False,
DOID:2955,Light-for-dates with signs of fetal malnutrition,,,ICD9CM_1986:764.1; ICD9CM_1987:764.1; ICD9CM_1988:764.1; ICD9CM_1988:764.10; ICD9CM_1989:764.1; ICD9CM_1989:764.10; ICD9CM_1990:764.1; ICD9CM_1990:764.10; ICD9CM_1991:764.1; ICD9CM_1991:764.10; ICD9CM_1992:764.1; ICD9CM_1992:764.10; ICD9CM_1993:764.1; ICD9CM_1993:764.10; ICD9CM_1994:764.1; ICD9CM_1994:764.10; ICD9CM_1995:764.1; ICD9CM_1995:764.10; ICD9CM_1996:764.1; ICD9CM_1996:764.10; ICD9CM_1997:764.1; ICD9CM_1997:764.10; ICD9CM_1998:764.1; ICD9CM_1998:764.10; ICD9CM_1999:764.1; ICD9CM_1999:764.10; ICD9CM_2000:764.1; ICD9CM_2000:764.10; ICD9CM_2001:764.1; ICD9CM_2001:764.10; ICD9CM_2002:764.1; ICD9CM_2002:764.10; ICD9CM_2003:764.1; ICD9CM_2003:764.10; ICD9CM_2004:764.1; ICD9CM_2004:764.10; ICD9CM_2005:764.1; ICD9CM_2005:764.10; ICD9CM_2006:764.1; SNOMEDCT_2005_01_31:64177003; UMLS_CUI:C0158861; UMLS_CUI:C0158862; UMLS_ICD9CM_2005_AUI:A0283689; UMLS_ICD9CM_2005_AUI:A0630380; UMLS_ICD9CM_2006_AUI:A8348537; UMLS_MTHICD9_2005_AUI:A0564796; UMLS_MTHICD9_2005_AUI:A1864375; UMLS_MTHICD9_2005_AUI:A1872567; UMLS_MTHICD9_2005_AUI:A1872568; UMLS_SNOMEDCT_2005_01_31_AUI:A2971581; UMLS_SNOMEDCT_2005_01_31_AUI:A3510212; UMLS_SNOMEDCT_2005_01_31_AUI:A3538911; UMLS_ST:T047,False,
DOID:3033,Signet Ring Adenocarcinoma of the Colon,,"""Colonic Signet Ring Adenocarcinoma"" EXACT [NCI2004_11_17:C7967]",NCI2004_11_17:C7967; UMLS_CUI:C0279640; UMLS_NCI2004_11_17_AUI:A7591418; UMLS_NCI2004_11_17_AUI:A7591477; UMLS_NCI2004_11_17_AUI:A7620202; UMLS_NCI2004_11_17_AUI:A7620204; UMLS_NCI2004_11_17_AUI:A7620233; UMLS_ST:T191,False,
DOID:333,Chronic factitious illness with physical symptoms,,,ICD9CM_1986:301.51; ICD9CM_1987:301.51; ICD9CM_1988:301.51; ICD9CM_1989:301.51; ICD9CM_1990:301.51; ICD9CM_1991:301.51; ICD9CM_1992:301.51; ICD9CM_1993:301.51; ICD9CM_1994:301.51; ICD9CM_1995:301.51; ICD9CM_1996:301.51; ICD9CM_1997:301.51; ICD9CM_1998:301.51; ICD9CM_1999:301.51; ICD9CM_2000:301.51; ICD9CM_2001:301.51; ICD9CM_2002:301.51; ICD9CM_2003:301.51; ICD9CM_2004:301.51; ICD9CM_2005:301.51; ICD9CM_2006:301.51; UMLS_CUI:C0008682; UMLS_ICD9CM_2005_AUI:A0241016; UMLS_ICD9CM_2006_AUI:A8341036; UMLS_ST:T048,False,
DOID:3493,"Carcinoma, Signet Ring Cell",,"""[M]Signet ring carcinoma NOS (morphologic abnormality)"" EXACT [SNOMEDCT_2005_07_31:189702009]; ""Signet Ring Cell Adenocarcinoma"" EXACT [NCI2004_11_17:C3774]; ""Signet ring cell carcinoma"" EXACT [SNOMEDCT_2005_07_31:189701002]; ""Signet ring cell carcinoma (morphologic abnormality)"" EXACT [SNOMEDCT_2005_07_31:87737001]",GeneRIF:11788899; MSH2005_2005_01_17:M0027510; MSH2006_2005_11_15:D018279; NCI2004_11_17:C3774; SNOMEDCT_2005_01_31:189702009; SNOMEDCT_2005_01_31:87737001; UMLS_CUI:C0206696; UMLS_MSH2005_2005_01_17_AUI:A0364736; UMLS_MSH2005_2005_01_17_AUI:A0364737; UMLS_NCI2004_11_17_AUI:A7576053; UMLS_NCI2004_11_17_AUI:A7620215; UMLS_NCI2004_11_17_AUI:A7668128; UMLS_SNOMEDCT_2005_01_31_AUI:A2896544; UMLS_SNOMEDCT_2005_01_31_AUI:A2945410; UMLS_SNOMEDCT_2005_01_31_AUI:A3070834; UMLS_SNOMEDCT_2005_01_31_AUI:A3085465; UMLS_SNOMEDCT_2005_01_31_AUI:A3705288; UMLS_SNOMEDCT_2005_01_31_AUI:A3791476; UMLS_ST:T191,False,
DOID:3494,Signet Ring Cell Carcinoma of Bile Duct,,"""Bile Duct Signet Ring Cell Carcinoma"" EXACT [NCI2004_11_17:C5776]",NCI2004_11_17:C5776; UMLS_CUI:C0861859; UMLS_NCI2004_11_17_AUI:A7620216; UMLS_NCI2004_11_17_AUI:A7620218; UMLS_NCI2004_11_17_AUI:A7620225; UMLS_NCI2004_11_17_AUI:A7631512; UMLS_ST:T191,False,
DOID:3497,Signet Ring Cell Carcinoma of the Pancreas,,"""Signet Ring Cell Carcinoma of Pancreas"" EXACT [NCI2004_11_17:C5720]",NCI2004_11_17:C5720; UMLS_CUI:C1335317; UMLS_NCI2004_11_17_AUI:A7613636; UMLS_NCI2004_11_17_AUI:A7620223; UMLS_NCI2004_11_17_AUI:A7620228; UMLS_ST:T191,False,
DOID:3499,Signet Ring Cell Carcinoma of Gallbladder,,"""Signet Ring Cell Carcinoma of the Gallbladder"" EXACT [NCI2004_11_17:C5745]",NCI2004_11_17:C5745; UMLS_CUI:C1333758; UMLS_NCI2004_11_17_AUI:A7597328; UMLS_NCI2004_11_17_AUI:A7620222; UMLS_NCI2004_11_17_AUI:A7620227; UMLS_ST:T191,False,
DOID:3501,Ampullary Signet Ring Cell Carcinoma,,,NCI2004_11_17:C6656; UMLS_CUI:C1332249; UMLS_NCI2004_11_17_AUI:A7606036; UMLS_NCI2004_11_17_AUI:A7606170; UMLS_ST:T191,False,
DOID:3503,Signet Ring Cell Carcinoma of Breast,,"""Mammary Signet Ring Cell Carcinoma"" EXACT [NCI2004_11_17:C5175]",NCI2004_11_17:C5175; UMLS_CUI:C1335964; UMLS_NCI2004_11_17_AUI:A7607396; UMLS_NCI2004_11_17_AUI:A7615516; UMLS_NCI2004_11_17_AUI:A7615549; UMLS_NCI2004_11_17_AUI:A7615550; UMLS_NCI2004_11_17_AUI:A7615551; UMLS_NCI2004_11_17_AUI:A7615554; UMLS_NCI2004_11_17_AUI:A7615555; UMLS_NCI2004_11_17_AUI:A7615557; UMLS_NCI2004_11_17_AUI:A7619323; UMLS_NCI2004_11_17_AUI:A7619324; UMLS_NCI2004_11_17_AUI:A7619325; UMLS_NCI2004_11_17_AUI:A7620217; UMLS_NCI2004_11_17_AUI:A7620219; UMLS_NCI2004_11_17_AUI:A7620226; UMLS_ST:T191,False,
DOID:3504,Signet Ring Cell Carcinoma of the Prostate,,"""Signet Ring Cell Carcinoma of Prostate"" EXACT [NCI2004_11_17:C5535]",NCI2004_11_17:C5535; UMLS_CUI:C1335520; UMLS_NCI2004_11_17_AUI:A7615811; UMLS_NCI2004_11_17_AUI:A7620224; UMLS_NCI2004_11_17_AUI:A7620229; UMLS_NCI2004_11_17_AUI:A7653148; UMLS_ST:T191,False,
DOID:4156,Early symptomatic syphilis,,"""Early symptomatic syphilis (disorder)"" EXACT [SNOMEDCT_2005_07_31:186846005]; ""Early syphilis, symptomatic"" EXACT [ICD9CM_2006:091]; ""Symptomatic early syphilis (disorder)"" EXACT [SNOMEDCT_2005_07_31:57334003]",ICD9CM_1986:091; ICD9CM_1987:091; ICD9CM_1988:091; ICD9CM_1989:091; ICD9CM_1990:091; ICD9CM_1991:091; ICD9CM_1992:091; ICD9CM_1993:091; ICD9CM_1994:091; ICD9CM_1995:091; ICD9CM_1996:091; ICD9CM_1997:091; ICD9CM_1998:091; ICD9CM_1999:091; ICD9CM_2000:091; ICD9CM_2001:091; ICD9CM_2002:091; ICD9CM_2003:091; ICD9CM_2004:091; ICD9CM_2005:091; ICD9CM_2006:091; SNOMEDCT_2005_01_31:186846005; UMLS_CUI:C0153139; UMLS_ICD9CM_2005_AUI:A0268211; UMLS_ICD9CM_2006_AUI:A8342931; UMLS_SNOMEDCT_2005_01_31_AUI:A3277412; UMLS_SNOMEDCT_2005_01_31_AUI:A3409429; UMLS_ST:T047,False,
DOID:4304,Skin Signet Ring Cell Basal Cell Carcinoma,,,NCI2004_11_17:C38110; UMLS_CUI:C1519320; UMLS_NCI2004_11_17_AUI:A7662497; UMLS_ST:T191,False,
DOID:6101,"Cervical Mucinous Adenocarcinoma, Signet Ring Cell Variant",,,NCI2004_11_17:C40205; UMLS_CUI:C1516424; UMLS_NCI2004_11_17_AUI:A7640063; UMLS_ST:T191,False,
DOID:6481,Signet Ring Cell Adenocarcinoma of Bladder,,"""Urinary Bladder Signet Ring Adenocarcinoma"" EXACT [NCI2004_11_17:C6163]",NCI2004_11_17:C6163; UMLS_CUI:C1332563; UMLS_NCI2004_11_17_AUI:A7620206; UMLS_NCI2004_11_17_AUI:A7620209; UMLS_NCI2004_11_17_AUI:A7620211; UMLS_NCI2004_11_17_AUI:A7620214; UMLS_NCI2004_11_17_AUI:A7628557; UMLS_NCI2004_11_17_AUI:A7631585; UMLS_ST:T191,False,
DOID:6960,Metastatic Signet Ring Cell Carcinoma of Breast,,"""Metastatic Mammary Signet Ring Cell Carcinoma"" EXACT [NCI2004_11_17:C5176]",NCI2004_11_17:C5176; UMLS_CUI:C1334740; UMLS_NCI2004_11_17_AUI:A7608320; UMLS_NCI2004_11_17_AUI:A7608479; UMLS_NCI2004_11_17_AUI:A7608481; UMLS_NCI2004_11_17_AUI:A7608482; UMLS_NCI2004_11_17_AUI:A7608483; UMLS_NCI2004_11_17_AUI:A7608484; UMLS_NCI2004_11_17_AUI:A7608485; UMLS_ST:T191,False,
DOID:7442,Monoclonal gammopathy of uncertain significance,,"""MGUS"" EXACT [NCI2004_11_17:C3996]; ""Monoclonal gammopathy of uncertain significance (disorder)"" EXACT [SNOMEDCT_2005_07_31:277577000]; ""Monoclonal gammopathy of undetermined significance (morphologic abnormality)"" EXACT [SNOMEDCT_2005_07_31:35601003]",GeneRIF:14677065; NCI2004_11_17:C3996; SNOMEDCT_2005_01_31:277577000; SNOMEDCT_2005_01_31:35601003; UMLS_CUI:C0278494; UMLS_NCI2004_11_17_AUI:A7585302; UMLS_NCI2004_11_17_AUI:A7609056; UMLS_NCI2004_11_17_AUI:A7609057; UMLS_SNOMEDCT_2005_01_31_AUI:A2875983; UMLS_SNOMEDCT_2005_01_31_AUI:A3040300; UMLS_SNOMEDCT_2005_01_31_AUI:A3045849; UMLS_SNOMEDCT_2005_01_31_AUI:A3318869; UMLS_SNOMEDCT_2005_01_31_AUI:A3566727; UMLS_SNOMEDCT_2005_01_31_AUI:A3566730; UMLS_SNOMEDCT_2005_01_31_AUI:A3566731; UMLS_SNOMEDCT_2005_01_31_AUI:A7875559; UMLS_ST:T191,False,
DOID:7707,Signet Ring Adenocarcinoma of the Rectum,,"""Signet Ring Cell Adenocarcinoma of Rectum"" EXACT [NCI2004_11_17:C9168]",NCI2004_11_17:C9168; UMLS_CUI:C0279654; UMLS_NCI2004_11_17_AUI:A7616798; UMLS_NCI2004_11_17_AUI:A7620203; UMLS_NCI2004_11_17_AUI:A7620205; UMLS_NCI2004_11_17_AUI:A7620207; UMLS_NCI2004_11_17_AUI:A7620212; UMLS_ST:T191,False,
DOID:7733,Signet Ring Cell Intrahepatic Cholangiocarcinoma,,,NCI2004_11_17:C41619; UMLS_CUI:C1519321; UMLS_NCI2004_11_17_AUI:A7662365; UMLS_ST:T191,False,
DOID:8025,Gastric Signet Ring Cell Adenocarcinoma,,"""Signet Ring Cell Adenocarcinoma of the Stomach"" EXACT [NCI2004_11_17:C5250]",NCI2004_11_17:C5250; UMLS_CUI:C1335965; UMLS_NCI2004_11_17_AUI:A7597529; UMLS_NCI2004_11_17_AUI:A7620208; UMLS_NCI2004_11_17_AUI:A7620213; UMLS_NCI2004_11_17_AUI:A7620230; UMLS_NCI2004_11_17_AUI:A7620232; UMLS_ST:T191,False,
DOID:9374,"Infants, not underweight for gestational age, showing signs of fetal malnutrition, such as dry peeling skin and loss of subcutaneous tissue",,,ICD9CM_1986:764.2; ICD9CM_1987:764.2; ICD9CM_1988:764.2; ICD9CM_1988:764.20; ICD9CM_1988:764.21; ICD9CM_1988:764.22; ICD9CM_1988:764.23; ICD9CM_1988:764.24; ICD9CM_1988:764.25; ICD9CM_1988:764.26; ICD9CM_1988:764.27; ICD9CM_1988:764.28; ICD9CM_1988:764.29; ICD9CM_1989:764.2; ICD9CM_1989:764.20; ICD9CM_1989:764.21; ICD9CM_1989:764.22; ICD9CM_1989:764.23; ICD9CM_1989:764.24; ICD9CM_1989:764.25; ICD9CM_1989:764.26; ICD9CM_1989:764.27; ICD9CM_1989:764.28; ICD9CM_1989:764.29; ICD9CM_1990:764.2; ICD9CM_1990:764.20; ICD9CM_1990:764.21; ICD9CM_1990:764.22; ICD9CM_1990:764.23; ICD9CM_1990:764.24; ICD9CM_1990:764.25; ICD9CM_1990:764.26; ICD9CM_1990:764.27; ICD9CM_1990:764.28; ICD9CM_1990:764.29; ICD9CM_1991:764.2; ICD9CM_1991:764.20; ICD9CM_1991:764.21; ICD9CM_1991:764.22; ICD9CM_1991:764.23; ICD9CM_1991:764.24; ICD9CM_1991:764.25; ICD9CM_1991:764.26; ICD9CM_1991:764.27; ICD9CM_1991:764.28; ICD9CM_1991:764.29; ICD9CM_1992:764.2; ICD9CM_1992:764.20; ICD9CM_1992:764.21; ICD9CM_1992:764.22; ICD9CM_1992:764.23; ICD9CM_1992:764.24; ICD9CM_1992:764.25; ICD9CM_1992:764.26; ICD9CM_1992:764.27; ICD9CM_1992:764.28; ICD9CM_1992:764.29; ICD9CM_1993:764.2; ICD9CM_1993:764.20; ICD9CM_1993:764.21; ICD9CM_1993:764.22; ICD9CM_1993:764.23; ICD9CM_1993:764.24; ICD9CM_1993:764.25; ICD9CM_1993:764.26; ICD9CM_1993:764.27; ICD9CM_1993:764.28; ICD9CM_1993:764.29; ICD9CM_1994:764.2; ICD9CM_1994:764.20; ICD9CM_1994:764.21; ICD9CM_1994:764.22; ICD9CM_1994:764.23; ICD9CM_1994:764.24; ICD9CM_1994:764.25; ICD9CM_1994:764.26; ICD9CM_1994:764.27; ICD9CM_1994:764.28; ICD9CM_1994:764.29; ICD9CM_1995:764.2; ICD9CM_1995:764.20; ICD9CM_1995:764.21; ICD9CM_1995:764.22; ICD9CM_1995:764.23; ICD9CM_1995:764.24; ICD9CM_1995:764.25; ICD9CM_1995:764.26; ICD9CM_1995:764.27; ICD9CM_1995:764.28; ICD9CM_1995:764.29; ICD9CM_1996:764.2; ICD9CM_1996:764.20; ICD9CM_1996:764.21; ICD9CM_1996:764.22; ICD9CM_1996:764.23; ICD9CM_1996:764.24; ICD9CM_1996:764.25; ICD9CM_1996:764.26; ICD9CM_1996:764.27; ICD9CM_1996:764.28; ICD9CM_1996:764.29; ICD9CM_1997:764.2; ICD9CM_1997:764.20; ICD9CM_1997:764.21; ICD9CM_1997:764.22; ICD9CM_1997:764.23; ICD9CM_1997:764.24; ICD9CM_1997:764.25; ICD9CM_1997:764.26; ICD9CM_1997:764.27; ICD9CM_1997:764.28; ICD9CM_1997:764.29; ICD9CM_1998:764.2; ICD9CM_1998:764.20; ICD9CM_1998:764.21; ICD9CM_1998:764.22; ICD9CM_1998:764.23; ICD9CM_1998:764.24; ICD9CM_1998:764.25; ICD9CM_1998:764.26; ICD9CM_1998:764.27; ICD9CM_1998:764.28; ICD9CM_1998:764.29; ICD9CM_1999:764.2; ICD9CM_1999:764.20; ICD9CM_1999:764.21; ICD9CM_1999:764.22; ICD9CM_1999:764.23; ICD9CM_1999:764.24; ICD9CM_1999:764.25; ICD9CM_1999:764.26; ICD9CM_1999:764.27; ICD9CM_1999:764.28; ICD9CM_1999:764.29; ICD9CM_2000:764.2; ICD9CM_2000:764.20; ICD9CM_2000:764.21; ICD9CM_2000:764.22; ICD9CM_2000:764.23; ICD9CM_2000:764.24; ICD9CM_2000:764.25; ICD9CM_2000:764.26; ICD9CM_2000:764.27; ICD9CM_2000:764.28; ICD9CM_2000:764.29; ICD9CM_2001:764.2; ICD9CM_2001:764.20; ICD9CM_2001:764.21; ICD9CM_2001:764.22; ICD9CM_2001:764.23; ICD9CM_2001:764.24; ICD9CM_2001:764.25; ICD9CM_2001:764.26; ICD9CM_2001:764.27; ICD9CM_2001:764.28; ICD9CM_2001:764.29; ICD9CM_2002:764.2; ICD9CM_2002:764.20; ICD9CM_2002:764.21; ICD9CM_2002:764.22; ICD9CM_2002:764.23; ICD9CM_2002:764.24; ICD9CM_2002:764.25; ICD9CM_2002:764.26; ICD9CM_2002:764.27; ICD9CM_2002:764.28; ICD9CM_2002:764.29; ICD9CM_2003:764.2; ICD9CM_2003:764.20; ICD9CM_2003:764.21; ICD9CM_2003:764.22; ICD9CM_2003:764.23; ICD9CM_2003:764.24; ICD9CM_2003:764.25; ICD9CM_2003:764.26; ICD9CM_2003:764.27; ICD9CM_2003:764.28; ICD9CM_2003:764.29; ICD9CM_2004:764.2; ICD9CM_2004:764.20; ICD9CM_2004:764.21; ICD9CM_2004:764.22; ICD9CM_2004:764.23; ICD9CM_2004:764.24; ICD9CM_2004:764.25; ICD9CM_2004:764.26; ICD9CM_2004:764.27; ICD9CM_2004:764.28; ICD9CM_2004:764.29; ICD9CM_2005:764.2; ICD9CM_2005:764.20; ICD9CM_2005:764.21; ICD9CM_2005:764.22; ICD9CM_2005:764.23; ICD9CM_2005:764.24; ICD9CM_2005:764.25; ICD9CM_2005:764.26; ICD9CM_2005:764.27; ICD9CM_2005:764.28; ICD9CM_2005:764.29; ICD9CM_2006:764.26; SNOMEDCT_2005_01_31:206165001; UMLS_CUI:C0158872; UMLS_CUI:C0158873; UMLS_CUI:C0158874; UMLS_CUI:C0158875; UMLS_CUI:C0158876; UMLS_CUI:C0158877; UMLS_CUI:C0158878; UMLS_CUI:C0158879; UMLS_CUI:C0158880; UMLS_CUI:C0158881; UMLS_CUI:C1510504; UMLS_ICD9CM_2005_AUI:A0243694; UMLS_ICD9CM_2005_AUI:A0283699; UMLS_ICD9CM_2005_AUI:A0283700; UMLS_ICD9CM_2005_AUI:A0283701; UMLS_ICD9CM_2005_AUI:A0283702; UMLS_ICD9CM_2005_AUI:A0283703; UMLS_ICD9CM_2005_AUI:A0283704; UMLS_ICD9CM_2005_AUI:A0283705; UMLS_ICD9CM_2005_AUI:A0283706; UMLS_ICD9CM_2005_AUI:A0283707; UMLS_ICD9CM_2005_AUI:A0702087; UMLS_ICD9CM_2006_AUI:A8348552; UMLS_MTHICD9_2005_AUI:A0553251; UMLS_MTHICD9_2005_AUI:A1572869; UMLS_MTHICD9_2005_AUI:A1572986; UMLS_MTHICD9_2005_AUI:A1572992; UMLS_MTHICD9_2005_AUI:A1573013; UMLS_MTHICD9_2005_AUI:A1864155; UMLS_MTHICD9_2005_AUI:A1864158; UMLS_MTHICD9_2005_AUI:A1864161; UMLS_MTHICD9_2005_AUI:A1864164; UMLS_MTHICD9_2005_AUI:A1864167; UMLS_MTHICD9_2005_AUI:A1866643; UMLS_MTHICD9_2005_AUI:A1872563; UMLS_MTHICD9_2005_AUI:A1872565; UMLS_SNOMEDCT_2005_01_31_AUI:A3131195; UMLS_SNOMEDCT_2005_01_31_AUI:A3245451; UMLS_SNOMEDCT_2005_01_31_AUI:A3314121; UMLS_SNOMEDCT_2005_01_31_AUI:A3454393; UMLS_ST:T047,False,
DOID:9611,"Light-for-dates with signs of fetal malnutrition, 1,500- 1,749 grams",,,ICD9CM_1988:764.16; ICD9CM_1989:764.16; ICD9CM_1990:764.16; ICD9CM_1991:764.16; ICD9CM_1992:764.16; ICD9CM_1993:764.16; ICD9CM_1994:764.16; ICD9CM_1995:764.16; ICD9CM_1996:764.16; ICD9CM_1997:764.16; ICD9CM_1998:764.16; ICD9CM_1999:764.16; ICD9CM_2000:764.16; ICD9CM_2001:764.16; ICD9CM_2002:764.16; ICD9CM_2003:764.16; ICD9CM_2004:764.16; ICD9CM_2005:764.16; ICD9CM_2006:764.16; UMLS_CUI:C0158868; UMLS_ICD9CM_2005_AUI:A0283695; UMLS_ICD9CM_2006_AUI:A8348543; UMLS_MTHICD9_2005_AUI:A1864165; UMLS_ST:T047,False,
DOID:9829,Drug abstinence syndrome or symptoms,,"""drug withdrawal"" EXACT [CSP2005:0964-5013]; ""Drug withdrawal"" EXACT [ICD9CM_2006:292.0]; ""Drug withdrawal (disorder)"" EXACT [SNOMEDCT_2005_07_31:363101005]; ""Drug withdrawal syndrome"" EXACT [MTH:NOCODE]; ""Drug withdrawal syndrome"" EXACT [SNOMEDCT_2005_07_31:154856000]; ""Drug withdrawal syndrome (disorder)"" EXACT [SNOMEDCT_2005_07_31:18159001]; ""Drug withdrawal syndrome or symptoms"" EXACT [MTHICD9_2006:292.0]",GeneRIF:12969258; ICD9CM_1986:292.0; ICD9CM_1987:292.0; ICD9CM_1988:292.0; ICD9CM_1989:292.0; ICD9CM_1990:292.0; ICD9CM_1991:292.0; ICD9CM_1992:292.0; ICD9CM_1993:292.0; ICD9CM_1994:292.0; ICD9CM_1995:292.0; ICD9CM_1996:292.0; ICD9CM_1997:292.0; ICD9CM_1998:292.0; ICD9CM_1999:292.0; ICD9CM_2000:292.0; ICD9CM_2001:292.0; ICD9CM_2002:292.0; ICD9CM_2003:292.0; ICD9CM_2004:292.0; ICD9CM_2005:292.0; ICD9CM_2006:292.0; SNOMEDCT_2005_01_31:18159001; SNOMEDCT_2005_01_31:363101005; UMLS_CSP2004_AUI:A0318826; UMLS_CUI:C0152128; UMLS_ICD9CM_2005_AUI:A6994786; UMLS_ICD9CM_2006_AUI:A8378146; UMLS_MTHICD9_2005_AUI:A1865009; UMLS_MTHICD9_2005_AUI:A1873227; UMLS_SNOMEDCT_2005_01_31_AUI:A2890270; UMLS_SNOMEDCT_2005_01_31_AUI:A3406736; UMLS_SNOMEDCT_2005_01_31_AUI:A3406739; UMLS_SNOMEDCT_2005_01_31_AUI:A3406741; UMLS_ST:T047,False,
